CREATE TABLE ARTIST (
                        id UUID PRIMARY KEY,
                        email_akun VARCHAR(50) NOT NULL,
                        id_pemilik_hak_cipta uuid,
                        FOREIGN KEY (email_akun) REFERENCES AKUN (email),
                        FOREIGN KEY (id_pemilik_hak_cipta) REFERENCES PEMILIK_HAK_CIPTA (id)
);

CREATE TABLE LABEL (
                       id UUID PRIMARY KEY,
                       nama VARCHAR(100) NOT NULL,
                       email VARCHAR(50) NOT NULL,
                       password VARCHAR(50) NOT NULL,
                       kontak VARCHAR(50) NOT NULL,
                       id_pemilik_hak_cipta UUID,
                       FOREIGN KEY (id_pemilik_hak_cipta) REFERENCES PEMILIK_HAK_CIPTA (id)
);

CREATE TABLE ALBUM (
                       id UUID PRIMARY KEY,
                       judul VARCHAR(100) NOT NULL,
                       jumlah_lagu INT NOT NULL DEFAULT 0,
                       id_label UUID,
                       total_durasi INT NOT NULL DEFAULT 0,
                       FOREIGN KEY (id_label) REFERENCES LABEL (id)
);

CREATE TABLE SONG (
                      id_konten UUID PRIMARY KEY,
                      id_artist UUID,
                      id_album UUID,
                      total_play INT NOT NULL DEFAULT 0,
                      total_download INT NOT NULL DEFAULT 0,
                      FOREIGN KEY (id_konten) REFERENCES KONTEN (id)
                          FOREIGN KEY (id_artist) REFERENCES ARTIST (id)
                          FOREIGN KEY (id_album) REFERENCES ALBUM (id)
);

INSERT INTO ARTIST VALUES ('ef8df2db-9d36-4a32-8e5f-047dd4e0de37','bring_me_the_horizon_artist@gmail.com','0e204ecb-d646-4653-ac2e-576cd62a5249'),
                            ('46295b4c-5737-41d6-b722-3b928f0c2019','linkin_park_artist@gmail.com','9ff3087e-34b9-4c48-b9a3-4ba43b788aa0'),
                            ('7bd560ce-b6e7-4a9c-86d4-9343e1587afc','niki_artist@gmail.com','aaa37788-8c38-4a56-ae3e-fc64fe235b19'),
                            ('0f0893cd-5a48-4baa-8476-8607c8500039','vierratale_artist@gmail.com','e0743c6f-bd32-41b3-be5e-120bc4cdedb4'),
                            ('6bd36523-41e0-4375-9e7d-81402fc4bc9c','dewa_19_artist@gmail.com','c8325ffb-1df1-4519-abc4-344155d35dc8'),
                            ('ad76e9c1-2b38-4ebd-a8d6-ab4dcacae339','kla_project_artist@gmail.com','c59e195d-d017-4ab8-82c5-144071c1e8f9'),
                            ('de18adc3-d644-4790-9969-e0847d9a011d','rich_brian_artist@gmail.com','f102aba1-bf5a-4339-948e-c831d01294f0'),
                            ('370d4746-ea54-4cde-8925-daeb612add41','avenged_sevenfold_artist@gmail.com','ca429687-91b6-40fd-bb71-87613b551a42'),
                            ('03f75bd4-4274-4972-a294-37175090f293','green_day_artist@gmail.com','001cd2a6-a6e3-45e9-8a1a-4c3393b835f5'),
                            ('57036ef8-83f6-48f7-b1d6-315923caacc3','my_chemical_romance_artist@gmail.com','f3944b91-8625-4e5f-bf5a-5b60c3114708'),
                            ('3faaa98b-84cb-4c8e-b3b6-7d70e63ca07c','reality_club_artist@gmail.com','410c9c4d-5fc8-4873-8106-6773a03f07cd'),
                            ('e4a7fd65-0324-4aa0-adcd-52cb236ba5ff','hindia_artist@gmail.com','753b6218-6f7f-457a-9e2c-0e85f7fb06ae'),
                            ('290709f2-8216-4be0-bdf4-a151ad0b0068','henry_moodie_artist@gmail.com','9c2407f5-d4f3-48e8-8ab8-a02573bff5fb'),
                            ('7084acaf-1434-4503-abb5-17f5177dee0a','bruno_major_artist@gmail.com','a122d815-c7ee-40dd-8df6-5ec1f8920fb6'),
                            ('fa6a81ca-017c-4ed5-88b4-d5fcae955dd4','nick_jonas_artist@gmail.com','01922986-d30a-4d85-862c-59b2c9c65aac'),
                            ('7ed1406f-5cea-4382-bfd6-7d75e1f6b86d','jkt_48_artist@gmail.com','d4325037-6a3c-471b-8e31-e5db2630d773'),
                            ('6bcb10dc-d8b0-4f68-88c6-4bafeb8e3ef9','iu_artist@gmail.com','16a040e1-a8fe-4dfd-9186-1b31cabd7241'),
                            ('ea872fe6-53f6-4c81-93e7-9655d19c9298','blackpink_artist@gmail.com','ef529352-a7b9-485b-b011-ae3e672ef3c7'),
                            ('b6c6eaee-8c3e-40ee-ab29-f63dad25e90d','olivia_rodrigo_artist@gmail.com','3df5fea2-8760-4c57-911d-4bf964c2bc9c'),
                            ('c5010b17-24f4-4cef-9cf1-0c57dc1e9ff6','taylor_swift_artist@gmail.com','06d68a1b-b7c0-45fa-bdfd-1fc8cbf836a8'),
                            ('5f58384f-aff8-40c1-bdb9-a04f260260a1','new_jeans_artist@gmail.com','5d7bf85d-02c3-43ee-8a4c-fe19690e5512'),
                            ('9b92f1ad-c544-4183-85d7-b6cbf3d71fce','lomba_sihir_artist@gmail.com','73873e54-57ed-4db4-abc4-6abcc2e50a2c'),
                            ('93bf77b1-7605-4646-b9d1-a62a8ec2548e','.feast_artist@gmail.com','286644cc-d3d8-4a75-8d25-67cfc3b46587');

INSERT INTO LABEL VALUES ('473358d6-5f9b-45b7-8dbd-705dac769493','Sony','sony_label@gmail.com','SonyGanteng123','@sony_official','6372534e-9801-4a54-aa40-9f620d740c07'),
                           ('aa83a553-9500-4b5a-b6fa-74e13a4d4edd','Warner','warner_label@gmail.com','WarnerGanteng123','@warner_official','32cdd99b-e257-453f-80b1-ef47c4ed7a99'),
                           ('e926e803-c258-4ff8-9fe4-310571a7d0be','88rising','88rising_label@gmail.com','88risingGanteng123','@88rising_official','02634654-ed4d-4ca2-ae94-5e2e25c934fe'),
                           ('048d14db-3de3-49a5-b91c-b334e3c8ce75','Musica','musica_label@gmail.com','MusicaGanteng123','@musica_official','b2cab264-5b7c-4fc7-a490-df95a80cec8c'),
                           ('464b5a7d-ae24-4d02-a02c-edd98eaa6934','Aquarius','aquarius_label@gmail.com','AquariusGanteng123','@aquarius_official','d8d6830b-8f59-4b5f-b1e9-1d38de41b617'),
                           ('da47b443-30c9-427d-8085-2a6d063b1633','Columbia','columbia_label@gmail.com','ColumbiaGanteng123','@columbia_official','649dd9bd-9b49-411f-a5b5-1d8a6b12af8a'),
                           ('5837b757-745a-414a-a4a0-9d2c6a44b0cd','July','july_label@gmail.com','JulyGanteng123','@july_official','8cae4bb8-308e-4613-b407-5f5788a7d49d'),
                           ('ad248769-9bc0-4c28-b13f-9bd35901af94','AKS/KING','aks/king_label@gmail.com','AKS/KINGGanteng123','@aks/king_official','2426b3a4-a6bd-4715-97f8-9a1c33089ac4'),
                           ('3181fa10-9352-4c38-af56-7fcb8fcb7749','Kakao M','kakao m_label@gmail.com','Kakao MGanteng123','@kakao m_official','a82e7217-19b3-45f4-8dfd-f6574f68d2d5'),
                           ('ceebd1c0-02de-4a15-a704-68d8f42c0bb9','YG Entertainment','yg entertainment_label@gmail.com','YG EntertainmentGanteng123','@yg entertainment_official','d99b119b-8b14-4c20-baca-b12a2650374d'),
                           ('e3ffc992-458e-4f89-b49b-d4df24f58ec4','SUN EATER','sun eater_label@gmail.com','SUN EATERGanteng123','@sun eater_official','96eea8ea-5328-4c35-bb0e-56d2bff2d0e8'),
                           ('dd11e7d0-b0bd-436e-8706-4ac3418399c5','Geffen','geffen_label@gmail.com','GeffenGanteng123','@geffen_official','e4c443cb-883c-456a-8327-757309f3f86c'),
                           ('4514746e-3ff4-4e58-b5a8-b6ca0f14b9d1','Universal','universal_label@gmail.com','UniversalGanteng123','@universal_official','3f241ec3-d95c-4e80-b404-663cd1a1f4d6'),
                           ('669a147c-0f1f-4ccd-8c69-e0cbaf906358','ADOR','ador_label@gmail.com','ADORGanteng123','@ador_official','8c70a18f-ded2-4471-b722-1e5490f594d0');

INSERT INTO ALBUM VALUES ('10919023-67a1-47bf-a16b-029b172c4707','amo',13.0,'473358d6-5f9b-45b7-8dbd-705dac769493',3119.0),
                           ('d7c62a6e-fdf1-4c6b-bde5-198a0b408bfc','The Black Parade',14.0,'aa83a553-9500-4b5a-b6fa-74e13a4d4edd',3117.0),
                           ('900f9263-e7e1-4e78-8a25-ea40bafd3a12','Nicole',12.0,'e926e803-c258-4ff8-9fe4-310571a7d0be',2808.0),
                           ('9fab9727-56e9-470c-940f-7bfef35447d8','Wakil Rakyat',10.0,'048d14db-3de3-49a5-b91c-b334e3c8ce75',2806.0),
                           ('8c6a0b77-289b-4386-97c7-d3820aaf951e','Storrytelling',11.0,'464b5a7d-ae24-4d02-a02c-edd98eaa6934',2426.0),
                           ('d0702d4e-ba46-448b-a589-f9dac7d5bd5e','Reality Club Presents...',10.0,NULL,2342.0),
                           ('d321702c-71a4-4de3-9b84-63cd955093b7','What Do You Really Know',11.0,NULL,2629.0),
                           ('d0e8457a-a05d-4b0d-b6a8-6e511c8a4504','Never Get Better',13.0,NULL,3354.0),
                           ('d4fb8faa-eab3-407d-bf9e-bef54e3537ea','in all of my lonely nights',6.0,'da47b443-30c9-427d-8085-2a6d063b1633',1097.0),
                           ('5830d510-688e-4f80-85f0-02b5ec2183b5','A Song For Every Moon',12.0,'5837b757-745a-414a-a4a0-9d2c6a44b0cd',2274.0),
                           ('ff59c2ad-80fd-47c5-8ced-8bbd2b5869fe','To Let A Good Thing Die',10.0,'5837b757-745a-414a-a4a0-9d2c6a44b0cd',1869.0),
                           ('ed78de20-c1d2-422c-b761-e3f83ffd930f','Pajama Drive',16.0,'ad248769-9bc0-4c28-b13f-9bd35901af94',3840.0),
                           ('c7555a48-937d-49dd-8118-b45b9dca12d9','Rapsodi',5.0,'ad248769-9bc0-4c28-b13f-9bd35901af94',1231.0),
                           ('16abf974-2c1f-46a2-8916-1448e7c1708e','Mahagita Vol.2',11.0,'ad248769-9bc0-4c28-b13f-9bd35901af94',3070.0),
                           ('fc400394-ec71-4837-be5b-f5ea55a25aad','Love poem',6.0,'3181fa10-9352-4c38-af56-7fcb8fcb7749',1500.0),
                           ('afc86510-76ae-4546-8897-c150ec4af1c1','IU 5th Album ''LILAC''',10.0,'3181fa10-9352-4c38-af56-7fcb8fcb7749',2191.0),
                           ('c3bd812d-7ae4-48f7-b232-b62ca2821195','THE ALBUM',8.0,'ceebd1c0-02de-4a15-a704-68d8f42c0bb9',1468.0),
                           ('88b91c45-64f0-4d1a-a9de-f0f2face79a8','BORN PINK',8.0,'ceebd1c0-02de-4a15-a704-68d8f42c0bb9',1474.0),
                           ('ee202a17-fd4d-40ac-9e48-8a6cc7016814','Kill This Love',5.0,'ceebd1c0-02de-4a15-a704-68d8f42c0bb9',973.0),
                           ('cfeca246-c601-48ca-8180-18d5a1883dce','Lagipula Hidup Akan Berakhir',14.0,'e3ffc992-458e-4f89-b49b-d4df24f58ec4',1757.0),
                           ('338299ac-01cd-4895-a182-6b1919f1db77','Menari Dengan Bayangan',15.0,'e3ffc992-458e-4f89-b49b-d4df24f58ec4',3342.0),
                           ('113c8582-87ea-4324-98fb-214589ead4d9','GUTS',12.0,'dd11e7d0-b0bd-436e-8706-4ac3418399c5',2358.0),
                           ('f6a6f38b-a198-4b69-8e12-3b785a8c3c0e','drivers license',11.0,'dd11e7d0-b0bd-436e-8706-4ac3418399c5',2086.0),
                           ('09b2d301-6e34-4c82-b695-5dee2f06d1dd','THE TORTURED POETS DEPARTMENT',16.0,'4514746e-3ff4-4e58-b5a8-b6ca0f14b9d1',3900.0),
                           ('9a2b00b1-878c-4444-ab84-6ab638daa3ff','Speak Now (Taylor''s Version)',22.0,'4514746e-3ff4-4e58-b5a8-b6ca0f14b9d1',6240.0),
                           ('d6477faf-75ee-4d82-8d7b-7e5bb0475db7','Midnights',13.0,'4514746e-3ff4-4e58-b5a8-b6ca0f14b9d1',2648.0),
                           ('a68c8d48-c7ea-4d13-ab1c-9d324fa1a1c8','NewJeans ''Super Shy''',2.0,'669a147c-0f1f-4ccd-8c69-e0cbaf906358',263.0),
                           ('2392876b-8745-474b-a537-c947cef7a0f9','Selamat Datang di Ujung Dunia',12.0,'e3ffc992-458e-4f89-b49b-d4df24f58ec4',2869.0);

INSERT INTO SONG VALUES ('a65345df-b0d3-454b-acf0-122c97f0f1ae','3faaa98b-84cb-4c8e-b3b6-7d70e63ca07c','d0702d4e-ba46-448b-a589-f9dac7d5bd5e',4231850.0,7384771.0),
                          ('d4af5b64-3bac-47d2-b18c-c635bd844fe6','3faaa98b-84cb-4c8e-b3b6-7d70e63ca07c','d321702c-71a4-4de3-9b84-63cd955093b7',5982048.0,4353993.0),
                          ('5b282d63-8146-4af0-9ffb-d3609372a008','3faaa98b-84cb-4c8e-b3b6-7d70e63ca07c','d0702d4e-ba46-448b-a589-f9dac7d5bd5e',2185804.0,5514438.0),
                          ('bfb1d70d-1d30-463d-9631-79d7cd94644f','3faaa98b-84cb-4c8e-b3b6-7d70e63ca07c','d0e8457a-a05d-4b0d-b6a8-6e511c8a4504',6328097.0,8954839.0),
                          ('8041b7c9-af83-4c61-be8b-aa1198803b2b','3faaa98b-84cb-4c8e-b3b6-7d70e63ca07c','d0702d4e-ba46-448b-a589-f9dac7d5bd5e',8469849.0,6049289.0),
                          ('cff0aaeb-57ad-4585-85f9-5a2b7b537fec','3faaa98b-84cb-4c8e-b3b6-7d70e63ca07c','d321702c-71a4-4de3-9b84-63cd955093b7',1299416.0,3885436.0),
                          ('1ffe4bc3-9b0e-46ae-a4c7-3f49def72c74','3faaa98b-84cb-4c8e-b3b6-7d70e63ca07c','d321702c-71a4-4de3-9b84-63cd955093b7',5127134.0,6309033.0),
                          ('2550eeed-ff38-4695-8d0e-5598e3f7746d','3faaa98b-84cb-4c8e-b3b6-7d70e63ca07c','d321702c-71a4-4de3-9b84-63cd955093b7',1228196.0,2939390.0),
                          ('bca44f1a-0ca5-4171-9b73-886ee784f6ea','3faaa98b-84cb-4c8e-b3b6-7d70e63ca07c','d0e8457a-a05d-4b0d-b6a8-6e511c8a4504',857481.0,4301161.0),
                          ('f01020a2-1046-4def-8c8c-57f257935164','290709f2-8216-4be0-bdf4-a151ad0b0068','d4fb8faa-eab3-407d-bf9e-bef54e3537ea',9538282.0,1015478.0),
                          ('0069e974-fd2a-4214-8e1e-a42c6a87546b','7084acaf-1434-4503-abb5-17f5177dee0a','5830d510-688e-4f80-85f0-02b5ec2183b5',8443723.0,9918580.0),
                          ('c4049bcb-5504-4156-aff2-5c5bdd1a3761','fa6a81ca-017c-4ed5-88b4-d5fcae955dd4','5830d510-688e-4f80-85f0-02b5ec2183b5',5953673.0,6115984.0),
                          ('17cb6677-1739-4082-84ca-5e1ac39b83ad','7084acaf-1434-4503-abb5-17f5177dee0a','5830d510-688e-4f80-85f0-02b5ec2183b5',2565127.0,8149616.0),
                          ('1ae47aa3-5cd3-4d71-b20b-4bfff920cea2','7084acaf-1434-4503-abb5-17f5177dee0a','ff59c2ad-80fd-47c5-8ced-8bbd2b5869fe',9729719.0,5385787.0),
                          ('ff975a2f-9d4f-4c54-938a-1f5f850b0b8a','7084acaf-1434-4503-abb5-17f5177dee0a','ff59c2ad-80fd-47c5-8ced-8bbd2b5869fe',5592958.0,4212284.0),
                          ('1e8020d7-a962-490b-8d4e-949b3e3244e9','7ed1406f-5cea-4382-bfd6-7d75e1f6b86d','ed78de20-c1d2-422c-b761-e3f83ffd930f',3980405.0,1123499.0),
                          ('8868a7ff-d1be-4ace-a0de-f3b2050023a7','7ed1406f-5cea-4382-bfd6-7d75e1f6b86d','c7555a48-937d-49dd-8118-b45b9dca12d9',6706629.0,3110080.0),
                          ('5eb93ec5-319c-40db-9912-86d6263ee73f','7ed1406f-5cea-4382-bfd6-7d75e1f6b86d','ed78de20-c1d2-422c-b761-e3f83ffd930f',8276628.0,7430000.0),
                          ('f34496a3-1eef-4141-bbd7-5ea8abbfb412','7ed1406f-5cea-4382-bfd6-7d75e1f6b86d','16abf974-2c1f-46a2-8916-1448e7c1708e',7890468.0,7766705.0),
                          ('a4ba7411-5790-49c9-b397-8d940c12c40e','7ed1406f-5cea-4382-bfd6-7d75e1f6b86d','16abf974-2c1f-46a2-8916-1448e7c1708e',7188204.0,7401941.0),
                          ('8ba569dc-0e5e-4961-bc97-b2fc2f551a05','7ed1406f-5cea-4382-bfd6-7d75e1f6b86d','ed78de20-c1d2-422c-b761-e3f83ffd930f',2507095.0,2242029.0),
                          ('8b742b3e-2e52-4d3d-917b-4a8edc68cc5c','6bcb10dc-d8b0-4f68-88c6-4bafeb8e3ef9',NULL,6432013.0,1534234.0),
                          ('41056f89-f00b-41a8-b3e3-75d726bd3cdf','6bcb10dc-d8b0-4f68-88c6-4bafeb8e3ef9','fc400394-ec71-4837-be5b-f5ea55a25aad',3441659.0,1157400.0),
                          ('d6b564ab-982f-4681-8a89-96081c53822f','6bcb10dc-d8b0-4f68-88c6-4bafeb8e3ef9',NULL,2813599.0,3995794.0),
                          ('02180e51-54a3-4c51-8d7c-f08bdec8bb00','6bcb10dc-d8b0-4f68-88c6-4bafeb8e3ef9','afc86510-76ae-4546-8897-c150ec4af1c1',605008.0,3821819.0),
                          ('ebccf8ce-97bf-4c1f-8d50-6fe33c64c5b0','ea872fe6-53f6-4c81-93e7-9655d19c9298','c3bd812d-7ae4-48f7-b232-b62ca2821195',876949.0,3915009.0),
                          ('2e081fba-b234-4eec-8ba8-0fbefa212fe6','ea872fe6-53f6-4c81-93e7-9655d19c9298',NULL,6867856.0,6444639.0),
                          ('5f695c06-564f-4ba6-9057-a149f2e81b74','ea872fe6-53f6-4c81-93e7-9655d19c9298','88b91c45-64f0-4d1a-a9de-f0f2face79a8',1072508.0,7256865.0),
                          ('ff914af6-628a-48b1-9d93-2b7d57354c76','ea872fe6-53f6-4c81-93e7-9655d19c9298','ee202a17-fd4d-40ac-9e48-8a6cc7016814',4102330.0,5348933.0),
                          ('ddb50e99-0653-4278-832e-af79b50aed6e','e4a7fd65-0324-4aa0-adcd-52cb236ba5ff','cfeca246-c601-48ca-8180-18d5a1883dce',2155792.0,6142377.0),
                          ('4242523d-6d14-4efd-bb6e-6db097549a88','e4a7fd65-0324-4aa0-adcd-52cb236ba5ff','cfeca246-c601-48ca-8180-18d5a1883dce',373496.0,452346.0),
                          ('195966b4-88d5-41b0-9634-8a6951270dbf','e4a7fd65-0324-4aa0-adcd-52cb236ba5ff','338299ac-01cd-4895-a182-6b1919f1db77',2525521.0,4826321.0),
                          ('bfc49895-4e1f-43ee-966f-be88b4ad915c','e4a7fd65-0324-4aa0-adcd-52cb236ba5ff','338299ac-01cd-4895-a182-6b1919f1db77',2978595.0,2909756.0),
                          ('b9173dd8-5219-4900-b3de-e3841ec76abd','7bd560ce-b6e7-4a9c-86d4-9343e1587afc','900f9263-e7e1-4e78-8a25-ea40bafd3a12',7512016.0,1582848.0),
                          ('67abec76-8b5b-4f7c-a3fb-48178adc2dad','7bd560ce-b6e7-4a9c-86d4-9343e1587afc','900f9263-e7e1-4e78-8a25-ea40bafd3a12',3664059.0,501082.0),
                          ('8baf1da1-ae80-484f-9881-7e3877cecadf','7bd560ce-b6e7-4a9c-86d4-9343e1587afc','900f9263-e7e1-4e78-8a25-ea40bafd3a12',842801.0,795851.0),
                          ('fe70428a-349d-4353-a0a2-761a4806d913','7bd560ce-b6e7-4a9c-86d4-9343e1587afc','900f9263-e7e1-4e78-8a25-ea40bafd3a12',1084070.0,5595556.0),
                          ('d0c91949-8127-4ed0-a3e9-66d0480dba30','b6c6eaee-8c3e-40ee-ab29-f63dad25e90d','113c8582-87ea-4324-98fb-214589ead4d9',3625746.0,6605352.0),
                          ('1b3f21aa-bb46-4c31-bada-46bb863605d9','b6c6eaee-8c3e-40ee-ab29-f63dad25e90d','f6a6f38b-a198-4b69-8e12-3b785a8c3c0e',8234452.0,4114329.0),
                          ('37b4ae2a-c41c-4d51-9cee-e1658b7158b5','b6c6eaee-8c3e-40ee-ab29-f63dad25e90d','f6a6f38b-a198-4b69-8e12-3b785a8c3c0e',1631763.0,9339953.0),
                          ('28e9e354-7516-458f-9486-f05b6de8e5a5','b6c6eaee-8c3e-40ee-ab29-f63dad25e90d','113c8582-87ea-4324-98fb-214589ead4d9',3223048.0,8790787.0),
                          ('849d96e7-d0e6-4622-9e76-910f95282fe7','c5010b17-24f4-4cef-9cf1-0c57dc1e9ff6','09b2d301-6e34-4c82-b695-5dee2f06d1dd',4883717.0,4783980.0),
                          ('b8b85e2d-e15c-4164-93ca-95d3a19065e3','c5010b17-24f4-4cef-9cf1-0c57dc1e9ff6','09b2d301-6e34-4c82-b695-5dee2f06d1dd',1104511.0,1572737.0),
                          ('479eb7f8-3fd8-44d6-83a2-21b4b9f1e6aa','c5010b17-24f4-4cef-9cf1-0c57dc1e9ff6','09b2d301-6e34-4c82-b695-5dee2f06d1dd',6018697.0,9575337.0),
                          ('f8849fd1-ad68-40e0-b4c4-59f2c0b30c00','c5010b17-24f4-4cef-9cf1-0c57dc1e9ff6','9a2b00b1-878c-4444-ab84-6ab638daa3ff',2731238.0,3614125.0),
                          ('09a0dce7-b7c7-442e-92ae-19efc8e0ff2d','c5010b17-24f4-4cef-9cf1-0c57dc1e9ff6','d6477faf-75ee-4d82-8d7b-7e5bb0475db7',2613758.0,243693.0),
                          ('73b0d63e-60b9-4200-8d29-61e6c0703131','5f58384f-aff8-40c1-bdb9-a04f260260a1','a68c8d48-c7ea-4d13-ab1c-9d324fa1a1c8',2182071.0,2343245.0),
                          ('b071f7ce-8175-42be-89bf-872ddd085fae','5f58384f-aff8-40c1-bdb9-a04f260260a1','a68c8d48-c7ea-4d13-ab1c-9d324fa1a1c8',8425449.0,9339265.0),
                          ('6d1db724-e442-4112-89e1-bd4c0eba7121','9b92f1ad-c544-4183-85d7-b6cbf3d71fce','2392876b-8745-474b-a537-c947cef7a0f9',640959.0,7107846.0),
                          ('2d7cbf51-35c8-49e9-bef9-af36449bc00f','93bf77b1-7605-4646-b9d1-a62a8ec2548e',NULL,5189337.0,4529419.0),
                          ('94fbb145-f819-49a8-ad01-79b040d36f68','ef8df2db-9d36-4a32-8e5f-047dd4e0de37','10919023-67a1-47bf-a16b-029b172c4707',873627.0,8917635.0),
                          ('4900c472-2794-4ba8-8cb3-3dd03086fd68','ef8df2db-9d36-4a32-8e5f-047dd4e0de37','10919023-67a1-47bf-a16b-029b172c4707',5681601.0,1013461.0),
                          ('292b474e-2c6c-48f3-95de-84ebf8bd14fb','ef8df2db-9d36-4a32-8e5f-047dd4e0de37','10919023-67a1-47bf-a16b-029b172c4707',4804110.0,7956919.0),
                          ('c361b55a-dc8d-46b6-8a97-93fa7df0a3ac','ef8df2db-9d36-4a32-8e5f-047dd4e0de37','10919023-67a1-47bf-a16b-029b172c4707',5288032.0,4958553.0),
                          ('829027cb-4eee-4435-88c2-fdefb5069ca0','ef8df2db-9d36-4a32-8e5f-047dd4e0de37','10919023-67a1-47bf-a16b-029b172c4707',5277366.0,4869909.0),
                          ('7bb29c3c-1002-4da5-9c33-4acef03d2b95','ef8df2db-9d36-4a32-8e5f-047dd4e0de37','10919023-67a1-47bf-a16b-029b172c4707',3423158.0,8113583.0),
                          ('19612ad1-f12c-4f27-bed6-7aa80d774794','ef8df2db-9d36-4a32-8e5f-047dd4e0de37','10919023-67a1-47bf-a16b-029b172c4707',8021271.0,4253141.0),
                          ('172f3b2a-02e0-4951-8164-80868f77da57','ef8df2db-9d36-4a32-8e5f-047dd4e0de37','10919023-67a1-47bf-a16b-029b172c4707',2960936.0,6286917.0),
                          ('318128b6-1b89-4309-9964-f7917267b24f','ef8df2db-9d36-4a32-8e5f-047dd4e0de37','10919023-67a1-47bf-a16b-029b172c4707',9096540.0,7798763.0),
                          ('ca97c11b-e128-4634-88a1-829bad2a308d','ef8df2db-9d36-4a32-8e5f-047dd4e0de37','10919023-67a1-47bf-a16b-029b172c4707',7230001.0,8886885.0),
                          ('82e0800a-2bcf-4fd4-b3e4-8fdd4a816f80','ef8df2db-9d36-4a32-8e5f-047dd4e0de37','10919023-67a1-47bf-a16b-029b172c4707',3838507.0,8527847.0),
                          ('b4a0fb67-a893-42a9-a00e-406913fa1f53','ef8df2db-9d36-4a32-8e5f-047dd4e0de37','10919023-67a1-47bf-a16b-029b172c4707',8559671.0,8641450.0),
                          ('1c51e2c7-14fa-4906-8735-9331d4c12ce0','ef8df2db-9d36-4a32-8e5f-047dd4e0de37','10919023-67a1-47bf-a16b-029b172c4707',9852682.0,9873301.0),
                          ('5c804e41-0fca-4c96-9900-06dd940d6400','ef8df2db-9d36-4a32-8e5f-047dd4e0de37','10919023-67a1-47bf-a16b-029b172c4707',9029067.0,4822604.0),
                          ('bc1e3e0d-ccc5-40fe-900c-cd827f0e0f6e','ef8df2db-9d36-4a32-8e5f-047dd4e0de37','10919023-67a1-47bf-a16b-029b172c4707',7484777.0,3985714.0),
                          ('5b0ca1bf-87d9-4b74-992b-e4d514e13b90','ef8df2db-9d36-4a32-8e5f-047dd4e0de37','10919023-67a1-47bf-a16b-029b172c4707',5523699.0,4075331.0),
                          ('b94a3542-57a8-45fc-93b7-86c14ea676b3','ef8df2db-9d36-4a32-8e5f-047dd4e0de37','10919023-67a1-47bf-a16b-029b172c4707',1058615.0,6232623.0),
                          ('c649beb1-0f35-4a31-b7d7-5e26d7ef5433','ef8df2db-9d36-4a32-8e5f-047dd4e0de37','10919023-67a1-47bf-a16b-029b172c4707',2770716.0,541628.0),
                          ('1d0e54a8-ebd4-4d68-9dfa-e91bb4a060ed','57036ef8-83f6-48f7-b1d6-315923caacc3','d7c62a6e-fdf1-4c6b-bde5-198a0b408bfc',5644107.0,2972226.0),
                          ('7bab316a-2663-4875-a085-dd132f97a77e','57036ef8-83f6-48f7-b1d6-315923caacc3','d7c62a6e-fdf1-4c6b-bde5-198a0b408bfc',5489854.0,3264269.0),
                          ('6e16d494-4a47-44e6-9166-9eb5105b2cb9','57036ef8-83f6-48f7-b1d6-315923caacc3','d7c62a6e-fdf1-4c6b-bde5-198a0b408bfc',8642213.0,4941181.0),
                          ('71666064-8bd7-46de-9470-4707a1fa980d','57036ef8-83f6-48f7-b1d6-315923caacc3','d7c62a6e-fdf1-4c6b-bde5-198a0b408bfc',976903.0,9642914.0),
                          ('4423a438-ad9c-490c-8066-cafd27274067','57036ef8-83f6-48f7-b1d6-315923caacc3','d7c62a6e-fdf1-4c6b-bde5-198a0b408bfc',4193804.0,7317138.0),
                          ('929a4c7e-4c89-4fc9-885a-46e8257a6a22','57036ef8-83f6-48f7-b1d6-315923caacc3','d7c62a6e-fdf1-4c6b-bde5-198a0b408bfc',3012713.0,554164.0),
                          ('e2b909d7-b8a4-4ef5-81e0-bf85f3da5a7a','57036ef8-83f6-48f7-b1d6-315923caacc3','d7c62a6e-fdf1-4c6b-bde5-198a0b408bfc',4628513.0,269170.0),
                          ('e4b3bf63-d722-4349-8dd8-b61603538a36','57036ef8-83f6-48f7-b1d6-315923caacc3','d7c62a6e-fdf1-4c6b-bde5-198a0b408bfc',1187760.0,5036649.0),
                          ('b7f0a083-dcd3-4c40-a25a-e184ec2cdc36','57036ef8-83f6-48f7-b1d6-315923caacc3','d7c62a6e-fdf1-4c6b-bde5-198a0b408bfc',7191925.0,1191936.0),
                          ('0b03bca1-8666-4de0-8701-8d88d59ada83','57036ef8-83f6-48f7-b1d6-315923caacc3','d7c62a6e-fdf1-4c6b-bde5-198a0b408bfc',8091984.0,3399040.0),
                          ('87d4dc84-272e-4e74-bcf3-196df3e5d5a7','57036ef8-83f6-48f7-b1d6-315923caacc3','d7c62a6e-fdf1-4c6b-bde5-198a0b408bfc',9053127.0,8735709.0),
                          ('0bd1d807-a6e4-4792-b22f-d10c0e3ae61b','57036ef8-83f6-48f7-b1d6-315923caacc3','d7c62a6e-fdf1-4c6b-bde5-198a0b408bfc',5275576.0,341789.0),
                          ('e83e0440-70ea-41bd-8524-564e620f527a','57036ef8-83f6-48f7-b1d6-315923caacc3','d7c62a6e-fdf1-4c6b-bde5-198a0b408bfc',607807.0,7977420.0),
                          ('70763e28-0aca-4327-a2a6-beac8600d4b6','57036ef8-83f6-48f7-b1d6-315923caacc3','d7c62a6e-fdf1-4c6b-bde5-198a0b408bfc',7340077.0,2468548.0);

