INSERT INTO "PAKET" ("jenis","harga")
VALUES
('1 Bulan',27500),
('3 Bulan',80000),
('6 Bulan',150000),
('1 Tahun',270000);

INSERT INTO "PLAYLIST" ("id")
VALUES
('c2a98d95-f688-41a9-adba-67829d61d5f5'),
('d09a4a68-5584-4310-8ed4-562f6da25439'),
('9e6a28e8-47b7-440f-815e-b0c65c4b5118'),
('5f9dbb9d-88a0-4ce4-984b-7e89e778366d'),
('4f7208a3-5bc9-4d8d-a6aa-a45a53a1cb7d'),
('1a73677e-6d0b-4e49-91f5-1381bfea1924'),
('7cbac001-6f36-449c-bebe-335f537c2dea'),
('eb380889-414b-4cc9-9ba1-1c3b0b3e0830'),
('360e899b-d2f0-45a0-83b5-d33f12650e62'),
('f28f21dc-ecf9-4ea0-b0ba-a3391230d79d');

INSERT INTO "PEMILIK_HAK_CIPTA" ("id","rate_royalti")
VALUES
('6372534e-9801-4a54-aa40-9f620d740c07',20),
('32cdd99b-e257-453f-80b1-ef47c4ed7a99',50),
('02634654-ed4d-4ca2-ae94-5e2e25c934fe',40),
('b2cab264-5b7c-4fc7-a490-df95a80cec8c',50),
('d8d6830b-8f59-4b5f-b1e9-1d38de41b617',40),
('649dd9bd-9b49-411f-a5b5-1d8a6b12af8a',20),
('8cae4bb8-308e-4613-b407-5f5788a7d49d',50),
('2426b3a4-a6bd-4715-97f8-9a1c33089ac4',40),
('a82e7217-19b3-45f4-8dfd-f6574f68d2d5',50),
('d99b119b-8b14-4c20-baca-b12a2650374d',40),
('96eea8ea-5328-4c35-bb0e-56d2bff2d0e8',40),
('e4c443cb-883c-456a-8327-757309f3f86c',50),
('3f241ec3-d95c-4e80-b404-663cd1a1f4d6',40),
('8c70a18f-ded2-4471-b722-1e5490f594d0',50),
('0e204ecb-d646-4653-ac2e-576cd62a5249',20),
('9ff3087e-34b9-4c48-b9a3-4ba43b788aa0',20),
('aaa37788-8c38-4a56-ae3e-fc64fe235b19',40),
('e0743c6f-bd32-41b3-be5e-120bc4cdedb4',10),
('c8325ffb-1df1-4519-abc4-344155d35dc8',20),
('c59e195d-d017-4ab8-82c5-144071c1e8f9',20),
('f102aba1-bf5a-4339-948e-c831d01294f0',40),
('ca429687-91b6-40fd-bb71-87613b551a42',40),
('001cd2a6-a6e3-45e9-8a1a-4c3393b835f5',30),
('f3944b91-8625-4e5f-bf5a-5b60c3114708',30),
('410c9c4d-5fc8-4873-8106-6773a03f07cd',20),
('753b6218-6f7f-457a-9e2c-0e85f7fb06ae',20),
('9c2407f5-d4f3-48e8-8ab8-a02573bff5fb',40),
('a122d815-c7ee-40dd-8df6-5ec1f8920fb6',10),
('01922986-d30a-4d85-862c-59b2c9c65aac',20),
('d4325037-6a3c-471b-8e31-e5db2630d773',40),
('16a040e1-a8fe-4dfd-9186-1b31cabd7241',30),
('ef529352-a7b9-485b-b011-ae3e672ef3c7',30),
('3df5fea2-8760-4c57-911d-4bf964c2bc9c',20),
('06d68a1b-b7c0-45fa-bdfd-1fc8cbf836a8',20),
('5d7bf85d-02c3-43ee-8a4c-fe19690e5512',30),
('73873e54-57ed-4db4-abc4-6abcc2e50a2c',20),
('286644cc-d3d8-4a75-8d25-67cfc3b46587',40),
('aa2fe6f5-5566-4616-a84f-42800d7c4b5a',20),
('ab934dd3-2893-4f63-b41c-35a170cd7364',50),
('c2504d07-1011-407e-9025-8c7321516362',50),
('fce9f8c5-6de6-46b6-9445-96062c3e6b36',10),
('a1e64b0e-ff69-4637-a5b3-9126dc3781e9',40),
('4ac5ea64-c3d7-43e1-b001-bf93eb2c6c20',10),
('090b9f19-f3be-4287-ae64-c5a1917dff7d',50),
('6f97a61f-c750-423c-abb7-4687732d8a86',40),
('95a8dbff-fb39-44ef-871d-86b1c6ea7916',50),
('e60a9e49-dc1b-4057-9dc3-892ff65c4b7f',30);

INSERT INTO "TRANSACTION" ("id","jenis_paket","email","timestamp_dimulai","timestamp_berakhir","metode_bayar","nominal")
VALUES
('095b97f5-b428-458b-aaa2-1c8cc22c1e96','1 Bulan','usermarmut1@gmail.com','''2023-09-02 13:57:24''','''2023-10-02 13:57:24''','E-Wallet',27500),
('14f8a0fa-afde-493c-b69b-3477c67a2a7d','3 Bulan','usermarmut2@gmail.com','''2023-02-14 08:54:09''','''2023-05-14 08:54:09''','E-Wallet',80000),
('694124ec-259d-4e24-a48c-3ae5ca0ffa10','6 Bulan','usermarmut3@gmail.com','''2023-12-12 02:07:15''','''2024-06-12 02:07:15''','Transfer Bank',150000),
('f41579dd-d130-4aa9-b21f-7400b331ebb0','1 Tahun','usermarmut4@gmail.com','''2023-08-25 01:39:28''','''2024-08-25 01:39:28''','Kartu Kredit',270000),
('2dad0800-1e5a-43a1-a7b4-22b5346f8c55','3 Bulan','usermarmut5@gmail.com','''2023-10-08 12:43:35''','''2024-01-08 12:43:35''','Transfer Bank',80000);

INSERT INTO "SONGWRITER" ("id","email_akun","id_pemilik_hak_cipta")
VALUES
('5fb4ee61-122e-497c-a4c2-123f621fc6f8','usermarmut13@gmail.com','aa2fe6f5-5566-4616-a84f-42800d7c4b5a'),
('8543fae2-0ada-4c18-b61e-92d06e6bd007','usermarmut14@gmail.com','ab934dd3-2893-4f63-b41c-35a170cd7364'),
('d1336dc6-9c79-468b-a2b3-fc3d81125d47','usermarmut15@gmail.com','c2504d07-1011-407e-9025-8c7321516362'),
('7b25fba8-5c97-49eb-b212-06d3386ac555','usermarmut16@gmail.com','fce9f8c5-6de6-46b6-9445-96062c3e6b36'),
('1d262047-63b6-41a4-9867-84eb35617194','usermarmut17@gmail.com','a1e64b0e-ff69-4637-a5b3-9126dc3781e9'),
('7f7642d7-5465-46fc-874f-83d182070337','usermarmut18@gmail.com','4ac5ea64-c3d7-43e1-b001-bf93eb2c6c20'),
('4ec008a4-85ce-47aa-bcd7-dd5f29c60010','usermarmut19@gmail.com','090b9f19-f3be-4287-ae64-c5a1917dff7d'),
('acafb386-5db0-44a1-b31e-28cbb568e661','usermarmut20@gmail.com','6f97a61f-c750-423c-abb7-4687732d8a86'),
('f8a0f096-46cc-40af-9c05-747afcc9fdb2','usermarmut21@gmail.com','95a8dbff-fb39-44ef-871d-86b1c6ea7916'),
('9b6d27d8-effc-4986-a0e3-9ba9100d50f9','usermarmut22@gmail.com','e60a9e49-dc1b-4057-9dc3-892ff65c4b7f');

INSERT INTO "USER_PLAYLIST" ("email_pembuat","id_user_playlist","judul","deskripsi","jumlah_lagu","tanggal_dibuat","id_playlist","total_durasi")
VALUES
('usermarmut19@gmail.com','c46c0747-1995-4397-a57f-5671b6b18f09','reflection','a playlist about myself i guess.',1,'2023-10-02''','4f7208a3-5bc9-4d8d-a6aa-a45a53a1cb7d',4),
('usermarmut20@gmail.com','ead81c3c-f7d1-4142-a55a-9bbc14f3304e','Partner in Crime','You know who you are :)',1,'2024-04-25''','1a73677e-6d0b-4e49-91f5-1381bfea1924',4),
('usermarmut21@gmail.com','32355664-70e9-4c88-9426-d5c739a9b51c','lights off','udah sono tidur hey tidur',1,'2024-01-08''','7cbac001-6f36-449c-bebe-335f537c2dea',3),
('usermarmut22@gmail.com','cba3cdaf-843e-4932-b333-b17aa9de461a','mors vincit omnia','Fav tracks',1,'2023-09-02''','eb380889-414b-4cc9-9ba1-1c3b0b3e0830',3),
('usermarmut23@gmail.com','e92da81b-605b-44cc-9aaa-a6f01804987c','Night by the Bay','"it''s better than nothing, right?"',1,'2023-02-14''','360e899b-d2f0-45a0-83b5-d33f12650e62',3),
('usermarmut24@gmail.com','84472977-b4cd-4227-ba83-c5be155ae9c1','friend recs','lagu fav kalian semua wkwk',1,'2023-12-12''','f28f21dc-ecf9-4ea0-b0ba-a3391230d79d',3);

INSERT INTO "CHART" ("tipe","id_playlist")
VALUES
('Daily Top 20','c2a98d95-f688-41a9-adba-67829d61d5f5'),
('Weekly Top 20','d09a4a68-5584-4310-8ed4-562f6da25439'),
('Monthly Top 20','9e6a28e8-47b7-440f-815e-b0c65c4b5118'),
('Yearly Top 20','5f9dbb9d-88a0-4ce4-984b-7e89e778366d');

INSERT INTO "AKUN_PLAY_USER_PLAYLIST" ("email_pemain","id_user_playlist","email_pembuat","waktu")
VALUES
('usermarmut1@gmail.com','c46c0747-1995-4397-a57f-5671b6b18f09','usermarmut19@gmail.com','2024-01-01 00:00:00'''),
('usermarmut2@gmail.com','ead81c3c-f7d1-4142-a55a-9bbc14f3304e','usermarmut20@gmail.com','2024-01-08 12:34:56'''),
('usermarmut3@gmail.com','32355664-70e9-4c88-9426-d5c739a9b51c','usermarmut21@gmail.com','2024-01-15 01:23:45'''),
('usermarmut4@gmail.com','cba3cdaf-843e-4932-b333-b17aa9de461a','usermarmut22@gmail.com','2024-01-22 11:11:11'''),
('usermarmut5@gmail.com','e92da81b-605b-44cc-9aaa-a6f01804987c','usermarmut23@gmail.com','2024-01-29 21:09:08'''),
('usermarmut6@gmail.com','84472977-b4cd-4227-ba83-c5be155ae9c1','usermarmut24@gmail.com','2024-02-05 10:00:00'''),
('usermarmut7@gmail.com','c46c0747-1995-4397-a57f-5671b6b18f09','usermarmut19@gmail.com','2024-02-12 20:20:20'''),
('usermarmut8@gmail.com','ead81c3c-f7d1-4142-a55a-9bbc14f3304e','usermarmut20@gmail.com','2024-02-19 09:30:40'''),
('usermarmut9@gmail.com','32355664-70e9-4c88-9426-d5c739a9b51c','usermarmut21@gmail.com','2024-02-26 18:45:50'''),
('usermarmut10@gmail.com','cba3cdaf-843e-4932-b333-b17aa9de461a','usermarmut22@gmail.com','2024-03-04 03:33:33'''),
('usermarmut11@gmail.com','e92da81b-605b-44cc-9aaa-a6f01804987c','usermarmut23@gmail.com','2024-03-11 14:15:16'''),
('usermarmut12@gmail.com','84472977-b4cd-4227-ba83-c5be155ae9c1','usermarmut24@gmail.com','2024-03-18 23:59:59'''),
('usermarmut13@gmail.com','c46c0747-1995-4397-a57f-5671b6b18f09','usermarmut19@gmail.com','2024-03-25 08:45:00'''),
('usermarmut14@gmail.com','ead81c3c-f7d1-4142-a55a-9bbc14f3304e','usermarmut20@gmail.com','2024-04-01 19:20:30'''),
('usermarmut15@gmail.com','32355664-70e9-4c88-9426-d5c739a9b51c','usermarmut21@gmail.com','2024-04-08 04:56:12''');

INSERT INTO "ROYALTI" ("id_pemilik_hak_cipta","id_song","jumlah")
VALUES
('410c9c4d-5fc8-4873-8106-6773a03f07cd','a65345df-b0d3-454b-acf0-122c97f0f1ae',120),
('410c9c4d-5fc8-4873-8106-6773a03f07cd','d4af5b64-3bac-47d2-b18c-c635bd844fe6',120),
('410c9c4d-5fc8-4873-8106-6773a03f07cd','5b282d63-8146-4af0-9ffb-d3609372a008',100),
('410c9c4d-5fc8-4873-8106-6773a03f07cd','bfb1d70d-1d30-463d-9631-79d7cd94644f',100),
('410c9c4d-5fc8-4873-8106-6773a03f07cd','8041b7c9-af83-4c61-be8b-aa1198803b2b',100),
('410c9c4d-5fc8-4873-8106-6773a03f07cd','cff0aaeb-57ad-4585-85f9-5a2b7b537fec',100),
('410c9c4d-5fc8-4873-8106-6773a03f07cd','1ffe4bc3-9b0e-46ae-a4c7-3f49def72c74',100),
('410c9c4d-5fc8-4873-8106-6773a03f07cd','2550eeed-ff38-4695-8d0e-5598e3f7746d',100),
('410c9c4d-5fc8-4873-8106-6773a03f07cd','bca44f1a-0ca5-4171-9b73-886ee784f6ea',100),
('d4325037-6a3c-471b-8e31-e5db2630d773','1e8020d7-a962-490b-8d4e-949b3e3244e9',160),
('d4325037-6a3c-471b-8e31-e5db2630d773','8868a7ff-d1be-4ace-a0de-f3b2050023a7',160),
('d4325037-6a3c-471b-8e31-e5db2630d773','5eb93ec5-319c-40db-9912-86d6263ee73f',160),
('d4325037-6a3c-471b-8e31-e5db2630d773','f34496a3-1eef-4141-bbd7-5ea8abbfb412',160),
('d4325037-6a3c-471b-8e31-e5db2630d773','a4ba7411-5790-49c9-b397-8d940c12c40e',160),
('d4325037-6a3c-471b-8e31-e5db2630d773','8ba569dc-0e5e-4961-bc97-b2fc2f551a05',120),
('0e204ecb-d646-4653-ac2e-576cd62a5249','7bb29c3c-1002-4da5-9c33-4acef03d2b95',0),
('0e204ecb-d646-4653-ac2e-576cd62a5249','19612ad1-f12c-4f27-bed6-7aa80d774794',0),
('0e204ecb-d646-4653-ac2e-576cd62a5249','172f3b2a-02e0-4951-8164-80868f77da57',0),
('0e204ecb-d646-4653-ac2e-576cd62a5249','318128b6-1b89-4309-9964-f7917267b24f',0),
('0e204ecb-d646-4653-ac2e-576cd62a5249','ca97c11b-e128-4634-88a1-829bad2a308d',0),
('0e204ecb-d646-4653-ac2e-576cd62a5249','82e0800a-2bcf-4fd4-b3e4-8fdd4a816f80',0),
('0e204ecb-d646-4653-ac2e-576cd62a5249','b4a0fb67-a893-42a9-a00e-406913fa1f53',0),
('0e204ecb-d646-4653-ac2e-576cd62a5249','1c51e2c7-14fa-4906-8735-9331d4c12ce0',0),
('0e204ecb-d646-4653-ac2e-576cd62a5249','5c804e41-0fca-4c96-9900-06dd940d6400',0),
('0e204ecb-d646-4653-ac2e-576cd62a5249','bc1e3e0d-ccc5-40fe-900c-cd827f0e0f6e',0),
('0e204ecb-d646-4653-ac2e-576cd62a5249','5b0ca1bf-87d9-4b74-992b-e4d514e13b90',0),
('0e204ecb-d646-4653-ac2e-576cd62a5249','b94a3542-57a8-45fc-93b7-86c14ea676b3',0),
('0e204ecb-d646-4653-ac2e-576cd62a5249','c649beb1-0f35-4a31-b7d7-5e26d7ef5433',0),
('0e204ecb-d646-4653-ac2e-576cd62a5249','1d0e54a8-ebd4-4d68-9dfa-e91bb4a060ed',0),
('0e204ecb-d646-4653-ac2e-576cd62a5249','7bab316a-2663-4875-a085-dd132f97a77e',0),
('0e204ecb-d646-4653-ac2e-576cd62a5249','6e16d494-4a47-44e6-9166-9eb5105b2cb9',0),
('0e204ecb-d646-4653-ac2e-576cd62a5249','71666064-8bd7-46de-9470-4707a1fa980d',0),
('0e204ecb-d646-4653-ac2e-576cd62a5249','4423a438-ad9c-490c-8066-cafd27274067',0);

INSERT INTO "SONGWRITER_WRITE_SONG" ("id_songwriter","id_song")
VALUES
('5fb4ee61-122e-497c-a4c2-123f621fc6f8','a65345df-b0d3-454b-acf0-122c97f0f1ae'),
('8543fae2-0ada-4c18-b61e-92d06e6bd007','d4af5b64-3bac-47d2-b18c-c635bd844fe6'),
('d1336dc6-9c79-468b-a2b3-fc3d81125d47','5b282d63-8146-4af0-9ffb-d3609372a008'),
('7b25fba8-5c97-49eb-b212-06d3386ac555','bfb1d70d-1d30-463d-9631-79d7cd94644f'),
('1d262047-63b6-41a4-9867-84eb35617194','8041b7c9-af83-4c61-be8b-aa1198803b2b'),
('7f7642d7-5465-46fc-874f-83d182070337','cff0aaeb-57ad-4585-85f9-5a2b7b537fec'),
('4ec008a4-85ce-47aa-bcd7-dd5f29c60010','1ffe4bc3-9b0e-46ae-a4c7-3f49def72c74'),
('acafb386-5db0-44a1-b31e-28cbb568e661','2550eeed-ff38-4695-8d0e-5598e3f7746d'),
('f8a0f096-46cc-40af-9c05-747afcc9fdb2','bca44f1a-0ca5-4171-9b73-886ee784f6ea'),
('9b6d27d8-effc-4986-a0e3-9ba9100d50f9','f01020a2-1046-4def-8c8c-57f257935164'),
('5fb4ee61-122e-497c-a4c2-123f621fc6f8','0069e974-fd2a-4214-8e1e-a42c6a87546b'),
('8543fae2-0ada-4c18-b61e-92d06e6bd007','c4049bcb-5504-4156-aff2-5c5bdd1a3761'),
('d1336dc6-9c79-468b-a2b3-fc3d81125d47','17cb6677-1739-4082-84ca-5e1ac39b83ad'),
('7b25fba8-5c97-49eb-b212-06d3386ac555','1ae47aa3-5cd3-4d71-b20b-4bfff920cea2'),
('1d262047-63b6-41a4-9867-84eb35617194','ff975a2f-9d4f-4c54-938a-1f5f850b0b8a'),
('7f7642d7-5465-46fc-874f-83d182070337','1e8020d7-a962-490b-8d4e-949b3e3244e9'),
('4ec008a4-85ce-47aa-bcd7-dd5f29c60010','8868a7ff-d1be-4ace-a0de-f3b2050023a7'),
('acafb386-5db0-44a1-b31e-28cbb568e661','5eb93ec5-319c-40db-9912-86d6263ee73f'),
('f8a0f096-46cc-40af-9c05-747afcc9fdb2','f34496a3-1eef-4141-bbd7-5ea8abbfb412'),
('9b6d27d8-effc-4986-a0e3-9ba9100d50f9','a4ba7411-5790-49c9-b397-8d940c12c40e'),
('5fb4ee61-122e-497c-a4c2-123f621fc6f8','8ba569dc-0e5e-4961-bc97-b2fc2f551a05'),
('8543fae2-0ada-4c18-b61e-92d06e6bd007','8b742b3e-2e52-4d3d-917b-4a8edc68cc5c'),
('d1336dc6-9c79-468b-a2b3-fc3d81125d47','41056f89-f00b-41a8-b3e3-75d726bd3cdf'),
('7b25fba8-5c97-49eb-b212-06d3386ac555','d6b564ab-982f-4681-8a89-96081c53822f'),
('1d262047-63b6-41a4-9867-84eb35617194','02180e51-54a3-4c51-8d7c-f08bdec8bb00'),
('7f7642d7-5465-46fc-874f-83d182070337','ebccf8ce-97bf-4c1f-8d50-6fe33c64c5b0'),
('4ec008a4-85ce-47aa-bcd7-dd5f29c60010','2e081fba-b234-4eec-8ba8-0fbefa212fe6'),
('acafb386-5db0-44a1-b31e-28cbb568e661','5f695c06-564f-4ba6-9057-a149f2e81b74'),
('f8a0f096-46cc-40af-9c05-747afcc9fdb2','ff914af6-628a-48b1-9d93-2b7d57354c76'),
('9b6d27d8-effc-4986-a0e3-9ba9100d50f9','ddb50e99-0653-4278-832e-af79b50aed6e'),
('5fb4ee61-122e-497c-a4c2-123f621fc6f8','4242523d-6d14-4efd-bb6e-6db097549a88'),
('8543fae2-0ada-4c18-b61e-92d06e6bd007','195966b4-88d5-41b0-9634-8a6951270dbf'),
('d1336dc6-9c79-468b-a2b3-fc3d81125d47','bfc49895-4e1f-43ee-966f-be88b4ad915c'),
('7b25fba8-5c97-49eb-b212-06d3386ac555','b9173dd8-5219-4900-b3de-e3841ec76abd'),
('1d262047-63b6-41a4-9867-84eb35617194','67abec76-8b5b-4f7c-a3fb-48178adc2dad'),
('7f7642d7-5465-46fc-874f-83d182070337','8baf1da1-ae80-484f-9881-7e3877cecadf'),
('4ec008a4-85ce-47aa-bcd7-dd5f29c60010','fe70428a-349d-4353-a0a2-761a4806d913'),
('acafb386-5db0-44a1-b31e-28cbb568e661','d0c91949-8127-4ed0-a3e9-66d0480dba30'),
('f8a0f096-46cc-40af-9c05-747afcc9fdb2','1b3f21aa-bb46-4c31-bada-46bb863605d9'),
('9b6d27d8-effc-4986-a0e3-9ba9100d50f9','37b4ae2a-c41c-4d51-9cee-e1658b7158b5'),
('5fb4ee61-122e-497c-a4c2-123f621fc6f8','28e9e354-7516-458f-9486-f05b6de8e5a5'),
('8543fae2-0ada-4c18-b61e-92d06e6bd007','849d96e7-d0e6-4622-9e76-910f95282fe7'),
('d1336dc6-9c79-468b-a2b3-fc3d81125d47','b8b85e2d-e15c-4164-93ca-95d3a19065e3'),
('7b25fba8-5c97-49eb-b212-06d3386ac555','479eb7f8-3fd8-44d6-83a2-21b4b9f1e6aa'),
('1d262047-63b6-41a4-9867-84eb35617194','f8849fd1-ad68-40e0-b4c4-59f2c0b30c00'),
('7f7642d7-5465-46fc-874f-83d182070337','09a0dce7-b7c7-442e-92ae-19efc8e0ff2d'),
('4ec008a4-85ce-47aa-bcd7-dd5f29c60010','73b0d63e-60b9-4200-8d29-61e6c0703131'),
('acafb386-5db0-44a1-b31e-28cbb568e661','b071f7ce-8175-42be-89bf-872ddd085fae'),
('f8a0f096-46cc-40af-9c05-747afcc9fdb2','6d1db724-e442-4112-89e1-bd4c0eba7121'),
('9b6d27d8-effc-4986-a0e3-9ba9100d50f9','2d7cbf51-35c8-49e9-bef9-af36449bc00f'),
('5fb4ee61-122e-497c-a4c2-123f621fc6f8','94fbb145-f819-49a8-ad01-79b040d36f68'),
('8543fae2-0ada-4c18-b61e-92d06e6bd007','4900c472-2794-4ba8-8cb3-3dd03086fd68'),
('d1336dc6-9c79-468b-a2b3-fc3d81125d47','292b474e-2c6c-48f3-95de-84ebf8bd14fb'),
('7b25fba8-5c97-49eb-b212-06d3386ac555','c361b55a-dc8d-46b6-8a97-93fa7df0a3ac'),
('1d262047-63b6-41a4-9867-84eb35617194','829027cb-4eee-4435-88c2-fdefb5069ca0'),
('7f7642d7-5465-46fc-874f-83d182070337','7bb29c3c-1002-4da5-9c33-4acef03d2b95'),
('4ec008a4-85ce-47aa-bcd7-dd5f29c60010','19612ad1-f12c-4f27-bed6-7aa80d774794'),
('acafb386-5db0-44a1-b31e-28cbb568e661','172f3b2a-02e0-4951-8164-80868f77da57'),
('f8a0f096-46cc-40af-9c05-747afcc9fdb2','318128b6-1b89-4309-9964-f7917267b24f'),
('9b6d27d8-effc-4986-a0e3-9ba9100d50f9','ca97c11b-e128-4634-88a1-829bad2a308d');

INSERT INTO "DOWNLOADED_SONG" ("id_song","email_downloader")
VALUES
('a65345df-b0d3-454b-acf0-122c97f0f1ae','usermarmut10@gmail.com'),
('d4af5b64-3bac-47d2-b18c-c635bd844fe6','usermarmut11@gmail.com'),
('5b282d63-8146-4af0-9ffb-d3609372a008','usermarmut12@gmail.com'),
('bfb1d70d-1d30-463d-9631-79d7cd94644f','usermarmut19@gmail.com'),
('8041b7c9-af83-4c61-be8b-aa1198803b2b','usermarmut20@gmail.com'),
('cff0aaeb-57ad-4585-85f9-5a2b7b537fec','usermarmut21@gmail.com'),
('1ffe4bc3-9b0e-46ae-a4c7-3f49def72c74','olivia_rodrigo_artist@gmail.com'),
('2550eeed-ff38-4695-8d0e-5598e3f7746d','kla_project_artist@gmail.com'),
('bca44f1a-0ca5-4171-9b73-886ee784f6ea','jkt_48_artist@gmail.com'),
('f01020a2-1046-4def-8c8c-57f257935164','blackpink_artist@gmail.com');

INSERT INTO "AKUN_PLAY_SONG" ("email_pemain","id_song","waktu")
VALUES
('usermarmut1@gmail.com','8ba569dc-0e5e-4961-bc97-b2fc2f551a05','2024-01-01 00:00:00'''),
('usermarmut2@gmail.com','8b742b3e-2e52-4d3d-917b-4a8edc68cc5c','2024-01-08 12:34:56'''),
('usermarmut3@gmail.com','41056f89-f00b-41a8-b3e3-75d726bd3cdf','2024-01-15 01:23:45'''),
('usermarmut4@gmail.com','d6b564ab-982f-4681-8a89-96081c53822f','2024-01-22 11:11:11'''),
('usermarmut5@gmail.com','02180e51-54a3-4c51-8d7c-f08bdec8bb00','2024-01-29 21:09:08'''),
('usermarmut6@gmail.com','ebccf8ce-97bf-4c1f-8d50-6fe33c64c5b0','2024-02-05 10:00:00'''),
('usermarmut7@gmail.com','8ba569dc-0e5e-4961-bc97-b2fc2f551a05','2024-02-12 20:20:20'''),
('usermarmut8@gmail.com','8b742b3e-2e52-4d3d-917b-4a8edc68cc5c','2024-02-19 09:30:40'''),
('usermarmut9@gmail.com','41056f89-f00b-41a8-b3e3-75d726bd3cdf','2024-02-26 18:45:50'''),
('usermarmut10@gmail.com','d6b564ab-982f-4681-8a89-96081c53822f','2024-03-04 03:33:33'''),
('usermarmut11@gmail.com','02180e51-54a3-4c51-8d7c-f08bdec8bb00','2024-03-11 14:15:16'''),
('usermarmut12@gmail.com','ebccf8ce-97bf-4c1f-8d50-6fe33c64c5b0','2024-03-18 23:59:59'''),
('usermarmut13@gmail.com','8ba569dc-0e5e-4961-bc97-b2fc2f551a05','2024-03-25 08:45:00'''),
('usermarmut14@gmail.com','8b742b3e-2e52-4d3d-917b-4a8edc68cc5c','2024-04-01 19:20:30'''),
('usermarmut15@gmail.com','41056f89-f00b-41a8-b3e3-75d726bd3cdf','2024-04-08 04:56:12'''),
('usermarmut16@gmail.com','d6b564ab-982f-4681-8a89-96081c53822f','2024-01-01 00:00:00'''),
('usermarmut17@gmail.com','02180e51-54a3-4c51-8d7c-f08bdec8bb00','2024-01-08 12:34:56'''),
('usermarmut18@gmail.com','ebccf8ce-97bf-4c1f-8d50-6fe33c64c5b0','2024-01-15 01:23:45'''),
('usermarmut19@gmail.com','a65345df-b0d3-454b-acf0-122c97f0f1ae','2024-01-22 11:11:11'''),
('usermarmut20@gmail.com','d4af5b64-3bac-47d2-b18c-c635bd844fe6','2024-01-29 21:09:08'''),
('usermarmut21@gmail.com','5b282d63-8146-4af0-9ffb-d3609372a008','2024-02-05 10:00:00'''),
('usermarmut22@gmail.com','bfb1d70d-1d30-463d-9631-79d7cd94644f','2024-02-12 20:20:20'''),
('usermarmut23@gmail.com','8041b7c9-af83-4c61-be8b-aa1198803b2b','2024-02-19 09:30:40'''),
('usermarmut24@gmail.com','cff0aaeb-57ad-4585-85f9-5a2b7b537fec','2024-02-26 18:45:50'''),
('usermarmut25@gmail.com','1ffe4bc3-9b0e-46ae-a4c7-3f49def72c74','2024-03-04 03:33:33'''),
('usermarmut26@gmail.com','2550eeed-ff38-4695-8d0e-5598e3f7746d','2024-03-11 14:15:16'''),
('usermarmut27@gmail.com','bca44f1a-0ca5-4171-9b73-886ee784f6ea','2024-03-18 23:59:59'''),
('bring_me_the_horizon_artist@gmail.com','f01020a2-1046-4def-8c8c-57f257935164','2024-03-25 08:45:00'''),
('linkin_park_artist@gmail.com','0069e974-fd2a-4214-8e1e-a42c6a87546b','2024-04-01 19:20:30'''),
('niki_artist@gmail.com','c4049bcb-5504-4156-aff2-5c5bdd1a3761','2024-04-08 04:56:12'''),
('vierratale_artist@gmail.com','17cb6677-1739-4082-84ca-5e1ac39b83ad','2024-01-01 00:00:00'''),
('dewa_19_artist@gmail.com','1ae47aa3-5cd3-4d71-b20b-4bfff920cea2','2024-01-08 12:34:56'''),
('kla_project_artist@gmail.com','ff975a2f-9d4f-4c54-938a-1f5f850b0b8a','2024-01-15 01:23:45'''),
('rich_brian_artist@gmail.com','1e8020d7-a962-490b-8d4e-949b3e3244e9','2024-01-22 11:11:11'''),
('avenged_sevenfold_artist@gmail.com','8868a7ff-d1be-4ace-a0de-f3b2050023a7','2024-01-29 21:09:08'''),
('green_day_artist@gmail.com','5eb93ec5-319c-40db-9912-86d6263ee73f','2024-02-05 10:00:00'''),
('my_chemical_romance_artist@gmail.com','f34496a3-1eef-4141-bbd7-5ea8abbfb412','2024-02-12 20:20:20'''),
('reality_club_artist@gmail.com','a4ba7411-5790-49c9-b397-8d940c12c40e','2024-02-19 09:30:40'''),
('hindia_artist@gmail.com','a65345df-b0d3-454b-acf0-122c97f0f1ae','2024-02-26 18:45:50'''),
('henry_moodie_artist@gmail.com','d4af5b64-3bac-47d2-b18c-c635bd844fe6','2024-03-04 03:33:33'''),
('bruno_major_artist@gmail.com','5b282d63-8146-4af0-9ffb-d3609372a008','2024-03-11 14:15:16'''),
('nick_jonas_artist@gmail.com','bfb1d70d-1d30-463d-9631-79d7cd94644f','2024-03-18 23:59:59'''),
('jkt_48_artist@gmail.com','8041b7c9-af83-4c61-be8b-aa1198803b2b','2024-03-25 08:45:00'''),
('iu_artist@gmail.com','cff0aaeb-57ad-4585-85f9-5a2b7b537fec','2024-04-01 19:20:30'''),
('blackpink_artist@gmail.com','1ffe4bc3-9b0e-46ae-a4c7-3f49def72c74','2024-04-08 04:56:12'''),
('olivia_rodrigo_artist@gmail.com','2550eeed-ff38-4695-8d0e-5598e3f7746d','2024-01-01 00:00:00'''),
('taylor_swift_artist@gmail.com','bca44f1a-0ca5-4171-9b73-886ee784f6ea','2024-01-08 12:34:56'''),
('new_jeans_artist@gmail.com','f01020a2-1046-4def-8c8c-57f257935164','2024-01-15 01:23:45'''),
('lomba_sihir_artist@gmail.com','0069e974-fd2a-4214-8e1e-a42c6a87546b','2024-01-22 11:11:11'''),
('.feast_artist@gmail.com','c4049bcb-5504-4156-aff2-5c5bdd1a3761','2024-01-29 21:09:08'''),
('usermarmut1@gmail.com','17cb6677-1739-4082-84ca-5e1ac39b83ad','2024-02-05 10:00:00'''),
('usermarmut2@gmail.com','1ae47aa3-5cd3-4d71-b20b-4bfff920cea2','2024-02-12 20:20:20'''),
('usermarmut3@gmail.com','ff975a2f-9d4f-4c54-938a-1f5f850b0b8a','2024-02-19 09:30:40'''),
('usermarmut4@gmail.com','1e8020d7-a962-490b-8d4e-949b3e3244e9','2024-02-26 18:45:50'''),
('usermarmut5@gmail.com','8868a7ff-d1be-4ace-a0de-f3b2050023a7','2024-03-04 03:33:33'''),
('usermarmut6@gmail.com','5eb93ec5-319c-40db-9912-86d6263ee73f','2024-03-11 14:15:16'''),
('usermarmut7@gmail.com','f34496a3-1eef-4141-bbd7-5ea8abbfb412','2024-03-18 23:59:59'''),
('usermarmut8@gmail.com','a4ba7411-5790-49c9-b397-8d940c12c40e','2024-03-25 08:45:00'''),
('usermarmut9@gmail.com','a65345df-b0d3-454b-acf0-122c97f0f1ae','2024-04-01 19:20:30'''),
('usermarmut10@gmail.com','d4af5b64-3bac-47d2-b18c-c635bd844fe6','2024-04-08 04:56:12'''),
('usermarmut11@gmail.com','5b282d63-8146-4af0-9ffb-d3609372a008','2024-01-01 00:00:00'''),
('usermarmut12@gmail.com','bfb1d70d-1d30-463d-9631-79d7cd94644f','2024-01-08 12:34:56'''),
('usermarmut13@gmail.com','8041b7c9-af83-4c61-be8b-aa1198803b2b','2024-01-15 01:23:45'''),
('usermarmut14@gmail.com','cff0aaeb-57ad-4585-85f9-5a2b7b537fec','2024-01-22 11:11:11'''),
('usermarmut15@gmail.com','1ffe4bc3-9b0e-46ae-a4c7-3f49def72c74','2024-01-29 21:09:08'''),
('usermarmut16@gmail.com','2550eeed-ff38-4695-8d0e-5598e3f7746d','2024-02-05 10:00:00'''),
('usermarmut17@gmail.com','bca44f1a-0ca5-4171-9b73-886ee784f6ea','2024-02-12 20:20:20'''),
('usermarmut18@gmail.com','f01020a2-1046-4def-8c8c-57f257935164','2024-02-19 09:30:40'''),
('usermarmut19@gmail.com','0069e974-fd2a-4214-8e1e-a42c6a87546b','2024-02-26 18:45:50'''),
('usermarmut20@gmail.com','c4049bcb-5504-4156-aff2-5c5bdd1a3761','2024-03-04 03:33:33'''),
('usermarmut21@gmail.com','17cb6677-1739-4082-84ca-5e1ac39b83ad','2024-03-11 14:15:16'''),
('usermarmut22@gmail.com','1ae47aa3-5cd3-4d71-b20b-4bfff920cea2','2024-03-18 23:59:59'''),
('usermarmut23@gmail.com','ff975a2f-9d4f-4c54-938a-1f5f850b0b8a','2024-03-25 08:45:00'''),
('usermarmut24@gmail.com','1e8020d7-a962-490b-8d4e-949b3e3244e9','2024-04-01 19:20:30'''),
('usermarmut25@gmail.com','8868a7ff-d1be-4ace-a0de-f3b2050023a7','2024-04-08 04:56:12'''),
('usermarmut26@gmail.com','5eb93ec5-319c-40db-9912-86d6263ee73f','2024-01-01 00:00:00'''),
('usermarmut27@gmail.com','f34496a3-1eef-4141-bbd7-5ea8abbfb412','2024-01-08 12:34:56'''),
('bring_me_the_horizon_artist@gmail.com','a4ba7411-5790-49c9-b397-8d940c12c40e','2024-01-15 01:23:45'''),
('linkin_park_artist@gmail.com','a65345df-b0d3-454b-acf0-122c97f0f1ae','2024-01-22 11:11:11'''),
('niki_artist@gmail.com','d4af5b64-3bac-47d2-b18c-c635bd844fe6','2024-01-29 21:09:08'''),
('vierratale_artist@gmail.com','5b282d63-8146-4af0-9ffb-d3609372a008','2024-02-05 10:00:00'''),
('dewa_19_artist@gmail.com','bfb1d70d-1d30-463d-9631-79d7cd94644f','2024-02-12 20:20:20'''),
('kla_project_artist@gmail.com','8041b7c9-af83-4c61-be8b-aa1198803b2b','2024-02-19 09:30:40'''),
('rich_brian_artist@gmail.com','cff0aaeb-57ad-4585-85f9-5a2b7b537fec','2024-02-26 18:45:50'''),
('avenged_sevenfold_artist@gmail.com','1ffe4bc3-9b0e-46ae-a4c7-3f49def72c74','2024-03-04 03:33:33'''),
('green_day_artist@gmail.com','2550eeed-ff38-4695-8d0e-5598e3f7746d','2024-03-11 14:15:16'''),
('my_chemical_romance_artist@gmail.com','bca44f1a-0ca5-4171-9b73-886ee784f6ea','2024-03-18 23:59:59'''),
('reality_club_artist@gmail.com','f01020a2-1046-4def-8c8c-57f257935164','2024-03-25 08:45:00'''),
('hindia_artist@gmail.com','0069e974-fd2a-4214-8e1e-a42c6a87546b','2024-04-01 19:20:30'''),
('henry_moodie_artist@gmail.com','c4049bcb-5504-4156-aff2-5c5bdd1a3761','2024-04-08 04:56:12'''),
('bruno_major_artist@gmail.com','17cb6677-1739-4082-84ca-5e1ac39b83ad','2024-01-01 00:00:00'''),
('nick_jonas_artist@gmail.com','1ae47aa3-5cd3-4d71-b20b-4bfff920cea2','2024-01-08 12:34:56'''),
('jkt_48_artist@gmail.com','ff975a2f-9d4f-4c54-938a-1f5f850b0b8a','2024-01-15 01:23:45'''),
('iu_artist@gmail.com','1e8020d7-a962-490b-8d4e-949b3e3244e9','2024-01-22 11:11:11'''),
('blackpink_artist@gmail.com','8868a7ff-d1be-4ace-a0de-f3b2050023a7','2024-01-29 21:09:08'''),
('olivia_rodrigo_artist@gmail.com','5eb93ec5-319c-40db-9912-86d6263ee73f','2024-02-05 10:00:00'''),
('taylor_swift_artist@gmail.com','f34496a3-1eef-4141-bbd7-5ea8abbfb412','2024-02-12 20:20:20'''),
('new_jeans_artist@gmail.com','a4ba7411-5790-49c9-b397-8d940c12c40e','2024-02-19 09:30:40'''),
('lomba_sihir_artist@gmail.com','a65345df-b0d3-454b-acf0-122c97f0f1ae','2024-02-26 18:45:50'''),
('.feast_artist@gmail.com','d4af5b64-3bac-47d2-b18c-c635bd844fe6','2024-03-04 03:33:33''');

INSERT INTO "PLAYLIST_SONG" ("id_playlist","id_song")
VALUES
('c2a98d95-f688-41a9-adba-67829d61d5f5','a65345df-b0d3-454b-acf0-122c97f0f1ae'),
('c2a98d95-f688-41a9-adba-67829d61d5f5','d4af5b64-3bac-47d2-b18c-c635bd844fe6'),
('c2a98d95-f688-41a9-adba-67829d61d5f5','5b282d63-8146-4af0-9ffb-d3609372a008'),
('c2a98d95-f688-41a9-adba-67829d61d5f5','bfb1d70d-1d30-463d-9631-79d7cd94644f'),
('c2a98d95-f688-41a9-adba-67829d61d5f5','8041b7c9-af83-4c61-be8b-aa1198803b2b'),
('c2a98d95-f688-41a9-adba-67829d61d5f5','cff0aaeb-57ad-4585-85f9-5a2b7b537fec'),
('c2a98d95-f688-41a9-adba-67829d61d5f5','1ffe4bc3-9b0e-46ae-a4c7-3f49def72c74'),
('c2a98d95-f688-41a9-adba-67829d61d5f5','2550eeed-ff38-4695-8d0e-5598e3f7746d'),
('c2a98d95-f688-41a9-adba-67829d61d5f5','bca44f1a-0ca5-4171-9b73-886ee784f6ea'),
('c2a98d95-f688-41a9-adba-67829d61d5f5','f01020a2-1046-4def-8c8c-57f257935164'),
('c2a98d95-f688-41a9-adba-67829d61d5f5','0069e974-fd2a-4214-8e1e-a42c6a87546b'),
('c2a98d95-f688-41a9-adba-67829d61d5f5','c4049bcb-5504-4156-aff2-5c5bdd1a3761'),
('c2a98d95-f688-41a9-adba-67829d61d5f5','17cb6677-1739-4082-84ca-5e1ac39b83ad'),
('c2a98d95-f688-41a9-adba-67829d61d5f5','1ae47aa3-5cd3-4d71-b20b-4bfff920cea2'),
('c2a98d95-f688-41a9-adba-67829d61d5f5','ff975a2f-9d4f-4c54-938a-1f5f850b0b8a'),
('c2a98d95-f688-41a9-adba-67829d61d5f5','1e8020d7-a962-490b-8d4e-949b3e3244e9'),
('c2a98d95-f688-41a9-adba-67829d61d5f5','8868a7ff-d1be-4ace-a0de-f3b2050023a7'),
('c2a98d95-f688-41a9-adba-67829d61d5f5','5eb93ec5-319c-40db-9912-86d6263ee73f'),
('c2a98d95-f688-41a9-adba-67829d61d5f5','f34496a3-1eef-4141-bbd7-5ea8abbfb412'),
('c2a98d95-f688-41a9-adba-67829d61d5f5','a4ba7411-5790-49c9-b397-8d940c12c40e'),
('d09a4a68-5584-4310-8ed4-562f6da25439','a65345df-b0d3-454b-acf0-122c97f0f1ae'),
('d09a4a68-5584-4310-8ed4-562f6da25439','d4af5b64-3bac-47d2-b18c-c635bd844fe6'),
('d09a4a68-5584-4310-8ed4-562f6da25439','5b282d63-8146-4af0-9ffb-d3609372a008'),
('d09a4a68-5584-4310-8ed4-562f6da25439','bfb1d70d-1d30-463d-9631-79d7cd94644f'),
('d09a4a68-5584-4310-8ed4-562f6da25439','8041b7c9-af83-4c61-be8b-aa1198803b2b'),
('d09a4a68-5584-4310-8ed4-562f6da25439','cff0aaeb-57ad-4585-85f9-5a2b7b537fec'),
('d09a4a68-5584-4310-8ed4-562f6da25439','1ffe4bc3-9b0e-46ae-a4c7-3f49def72c74'),
('d09a4a68-5584-4310-8ed4-562f6da25439','2550eeed-ff38-4695-8d0e-5598e3f7746d'),
('d09a4a68-5584-4310-8ed4-562f6da25439','bca44f1a-0ca5-4171-9b73-886ee784f6ea'),
('d09a4a68-5584-4310-8ed4-562f6da25439','f01020a2-1046-4def-8c8c-57f257935164'),
('d09a4a68-5584-4310-8ed4-562f6da25439','0069e974-fd2a-4214-8e1e-a42c6a87546b'),
('d09a4a68-5584-4310-8ed4-562f6da25439','c4049bcb-5504-4156-aff2-5c5bdd1a3761'),
('d09a4a68-5584-4310-8ed4-562f6da25439','17cb6677-1739-4082-84ca-5e1ac39b83ad'),
('d09a4a68-5584-4310-8ed4-562f6da25439','1ae47aa3-5cd3-4d71-b20b-4bfff920cea2'),
('d09a4a68-5584-4310-8ed4-562f6da25439','ff975a2f-9d4f-4c54-938a-1f5f850b0b8a'),
('d09a4a68-5584-4310-8ed4-562f6da25439','1e8020d7-a962-490b-8d4e-949b3e3244e9'),
('d09a4a68-5584-4310-8ed4-562f6da25439','8868a7ff-d1be-4ace-a0de-f3b2050023a7'),
('d09a4a68-5584-4310-8ed4-562f6da25439','5eb93ec5-319c-40db-9912-86d6263ee73f'),
('d09a4a68-5584-4310-8ed4-562f6da25439','f34496a3-1eef-4141-bbd7-5ea8abbfb412'),
('d09a4a68-5584-4310-8ed4-562f6da25439','a4ba7411-5790-49c9-b397-8d940c12c40e'),
('9e6a28e8-47b7-440f-815e-b0c65c4b5118','a65345df-b0d3-454b-acf0-122c97f0f1ae'),
('9e6a28e8-47b7-440f-815e-b0c65c4b5118','d4af5b64-3bac-47d2-b18c-c635bd844fe6'),
('9e6a28e8-47b7-440f-815e-b0c65c4b5118','5b282d63-8146-4af0-9ffb-d3609372a008'),
('9e6a28e8-47b7-440f-815e-b0c65c4b5118','bfb1d70d-1d30-463d-9631-79d7cd94644f'),
('9e6a28e8-47b7-440f-815e-b0c65c4b5118','8041b7c9-af83-4c61-be8b-aa1198803b2b'),
('9e6a28e8-47b7-440f-815e-b0c65c4b5118','cff0aaeb-57ad-4585-85f9-5a2b7b537fec'),
('9e6a28e8-47b7-440f-815e-b0c65c4b5118','1ffe4bc3-9b0e-46ae-a4c7-3f49def72c74'),
('9e6a28e8-47b7-440f-815e-b0c65c4b5118','2550eeed-ff38-4695-8d0e-5598e3f7746d'),
('9e6a28e8-47b7-440f-815e-b0c65c4b5118','bca44f1a-0ca5-4171-9b73-886ee784f6ea'),
('9e6a28e8-47b7-440f-815e-b0c65c4b5118','f01020a2-1046-4def-8c8c-57f257935164'),
('9e6a28e8-47b7-440f-815e-b0c65c4b5118','0069e974-fd2a-4214-8e1e-a42c6a87546b'),
('9e6a28e8-47b7-440f-815e-b0c65c4b5118','c4049bcb-5504-4156-aff2-5c5bdd1a3761'),
('9e6a28e8-47b7-440f-815e-b0c65c4b5118','17cb6677-1739-4082-84ca-5e1ac39b83ad'),
('9e6a28e8-47b7-440f-815e-b0c65c4b5118','1ae47aa3-5cd3-4d71-b20b-4bfff920cea2'),
('9e6a28e8-47b7-440f-815e-b0c65c4b5118','ff975a2f-9d4f-4c54-938a-1f5f850b0b8a'),
('9e6a28e8-47b7-440f-815e-b0c65c4b5118','1e8020d7-a962-490b-8d4e-949b3e3244e9'),
('9e6a28e8-47b7-440f-815e-b0c65c4b5118','8868a7ff-d1be-4ace-a0de-f3b2050023a7'),
('9e6a28e8-47b7-440f-815e-b0c65c4b5118','5eb93ec5-319c-40db-9912-86d6263ee73f'),
('9e6a28e8-47b7-440f-815e-b0c65c4b5118','f34496a3-1eef-4141-bbd7-5ea8abbfb412'),
('9e6a28e8-47b7-440f-815e-b0c65c4b5118','a4ba7411-5790-49c9-b397-8d940c12c40e'),
('5f9dbb9d-88a0-4ce4-984b-7e89e778366d','a65345df-b0d3-454b-acf0-122c97f0f1ae'),
('5f9dbb9d-88a0-4ce4-984b-7e89e778366d','d4af5b64-3bac-47d2-b18c-c635bd844fe6'),
('5f9dbb9d-88a0-4ce4-984b-7e89e778366d','5b282d63-8146-4af0-9ffb-d3609372a008'),
('5f9dbb9d-88a0-4ce4-984b-7e89e778366d','bfb1d70d-1d30-463d-9631-79d7cd94644f'),
('5f9dbb9d-88a0-4ce4-984b-7e89e778366d','8041b7c9-af83-4c61-be8b-aa1198803b2b'),
('5f9dbb9d-88a0-4ce4-984b-7e89e778366d','cff0aaeb-57ad-4585-85f9-5a2b7b537fec'),
('5f9dbb9d-88a0-4ce4-984b-7e89e778366d','1ffe4bc3-9b0e-46ae-a4c7-3f49def72c74'),
('5f9dbb9d-88a0-4ce4-984b-7e89e778366d','2550eeed-ff38-4695-8d0e-5598e3f7746d'),
('5f9dbb9d-88a0-4ce4-984b-7e89e778366d','bca44f1a-0ca5-4171-9b73-886ee784f6ea'),
('5f9dbb9d-88a0-4ce4-984b-7e89e778366d','f01020a2-1046-4def-8c8c-57f257935164'),
('5f9dbb9d-88a0-4ce4-984b-7e89e778366d','0069e974-fd2a-4214-8e1e-a42c6a87546b'),
('5f9dbb9d-88a0-4ce4-984b-7e89e778366d','c4049bcb-5504-4156-aff2-5c5bdd1a3761'),
('5f9dbb9d-88a0-4ce4-984b-7e89e778366d','17cb6677-1739-4082-84ca-5e1ac39b83ad'),
('5f9dbb9d-88a0-4ce4-984b-7e89e778366d','1ae47aa3-5cd3-4d71-b20b-4bfff920cea2'),
('5f9dbb9d-88a0-4ce4-984b-7e89e778366d','ff975a2f-9d4f-4c54-938a-1f5f850b0b8a'),
('5f9dbb9d-88a0-4ce4-984b-7e89e778366d','1e8020d7-a962-490b-8d4e-949b3e3244e9'),
('5f9dbb9d-88a0-4ce4-984b-7e89e778366d','8868a7ff-d1be-4ace-a0de-f3b2050023a7'),
('5f9dbb9d-88a0-4ce4-984b-7e89e778366d','5eb93ec5-319c-40db-9912-86d6263ee73f'),
('5f9dbb9d-88a0-4ce4-984b-7e89e778366d','f34496a3-1eef-4141-bbd7-5ea8abbfb412'),
('5f9dbb9d-88a0-4ce4-984b-7e89e778366d','a4ba7411-5790-49c9-b397-8d940c12c40e'),
('4f7208a3-5bc9-4d8d-a6aa-a45a53a1cb7d','8ba569dc-0e5e-4961-bc97-b2fc2f551a05'),
('1a73677e-6d0b-4e49-91f5-1381bfea1924','8b742b3e-2e52-4d3d-917b-4a8edc68cc5c'),
('7cbac001-6f36-449c-bebe-335f537c2dea','41056f89-f00b-41a8-b3e3-75d726bd3cdf'),
('eb380889-414b-4cc9-9ba1-1c3b0b3e0830','d6b564ab-982f-4681-8a89-96081c53822f'),
('360e899b-d2f0-45a0-83b5-d33f12650e62','02180e51-54a3-4c51-8d7c-f08bdec8bb00'),
('f28f21dc-ecf9-4ea0-b0ba-a3391230d79d','ebccf8ce-97bf-4c1f-8d50-6fe33c64c5b0');
