CREATE TABLE AKUN(
	email VARCHAR(50) PRIMARY KEY,
	password VARCHAR(50) NOT NULL,
	nama VARCHAR(100) NOT NULL,
	gender INTEGER NOT NULL,
	tempat_lahir VARCHAR(50) NOT NULL,
	tanggal_lahir DATE NOT NULL,
	is_verified BOOLEAN NOT NULL,
	kota_asal VARCHAR(50) NOT NULL
);

CREATE TABLE KONTEN(
    id UUID PRIMARY KEY,
    judul VARCHAR(100) NOT NULL,
    tanggal_rilis DATE NOT NULL,
    tahun INTEGER NOT NULL,
    durasi INTEGER NOT NULL
);

CREATE TABLE PAKET (
  jenis VARCHAR(50) PRIMARY KEY,
  harga int NOT NULL
);

CREATE TABLE PLAYLIST (
    id uuid primary key
);

CREATE TABLE PEMILIK_HAK_CIPTA (
    id UUID primary key,
    rate_royalti int not null
);

CREATE TABLE NON_PREMIUM(
	email VARCHAR(50) PRIMARY KEY,
	FOREIGN KEY(email) REFERENCES AKUN(email) ON UPDATE CASCADE ON DELETE CASCADE
);

CREATE TABLE PREMIUM(
	email VARCHAR(50) PRIMARY KEY,
	FOREIGN KEY(email) REFERENCES AKUN(email) ON UPDATE CASCADE ON DELETE CASCADE
);

CREATE TABLE PODCASTER(
	email VARCHAR(50) PRIMARY KEY,
	FOREIGN KEY(email) REFERENCES AKUN (email) ON UPDATE CASCADE ON DELETE CASCADE
);

CREATE TABLE GENRE(
    id_konten UUID,
    genre VARCHAR(50),
    PRIMARY KEY(id_konten, genre),
    FOREIGN KEY(id_konten) REFERENCES KONTEN (id) ON UPDATE CASCADE ON DELETE CASCADE
);

CREATE TABLE TRANSACTION (
  id UUID,
  jenis_paket varchar(50),
  email varchar(50),
  timestamp_dimulai timestamp not null,
  timestamp_berakhir timestamp not null,
  metode_bayar varchar(50) not null,
  nominal int not null,
  PRIMARY KEY(id, jenis_paket, email),
  FOREIGN KEY(jenis_paket) REFERENCES PAKET (jenis) ON UPDATE CASCADE ON DELETE CASCADE,
  FOREIGN KEY(email) REFERENCES AKUN (email) ON UPDATE CASCADE ON DELETE CASCADE
);

CREATE TABLE SONGWRITER (
  id UUID,
  email_akun varchar(50),
  id_pemilik_hak_cipta UUID,
  PRIMARY KEY(id),
  FOREIGN KEY(email_akun) REFERENCES AKUN(email) ON UPDATE CASCADE ON DELETE CASCADE,
  FOREIGN KEY(id_pemilik_hak_cipta) REFERENCES PEMILIK_HAK_CIPTA(id) ON UPDATE CASCADE ON DELETE CASCADE
);

CREATE TABLE USER_PLAYLIST (
  email_pembuat varchar(50),
  id_user_playlist UUID,
  judul varchar(100) not null,
  deskripsi varchar(500) not null,
  jumlah_lagu int not null,
  tanggal_dibuat date not null,
  id_playlist UUID,
  total_durasi int not null default 0,

  PRIMARY KEY(email_pembuat, id_user_playlist),
  FOREIGN KEY(email_pembuat) REFERENCES AKUN(email) ON UPDATE CASCADE ON DELETE CASCADE,
  FOREIGN KEY(id_playlist) REFERENCES PLAYLIST(id) ON UPDATE CASCADE ON DELETE CASCADE
);

CREATE TABLE CHART (
  tipe varchar(50),
  id_playlist UUID,
  PRIMARY KEY(tipe),
  FOREIGN KEY(id_playlist) REFERENCES PLAYLIST(id) ON UPDATE CASCADE ON DELETE CASCADE
);

CREATE TABLE ARTIST (
    id UUID PRIMARY KEY,
    email_akun VARCHAR(50) NOT NULL,
    id_pemilik_hak_cipta uuid,
    FOREIGN KEY (email_akun) REFERENCES AKUN (email),
    FOREIGN KEY (id_pemilik_hak_cipta) REFERENCES PEMILIK_HAK_CIPTA (id)
);

CREATE TABLE PODCAST(
	id_konten UUID PRIMARY KEY,
	email_podcaster VARCHAR(50),
	FOREIGN KEY(id_konten) REFERENCES KONTEN(id) ON UPDATE CASCADE ON DELETE CASCADE,
	FOREIGN KEY(email_podcaster) REFERENCES PODCASTER(email) ON UPDATE CASCADE ON DELETE CASCADE
);

CREATE TABLE LABEL (
    id UUID PRIMARY KEY,
    nama VARCHAR(100) NOT NULL,
    email VARCHAR(50) NOT NULL,
    password VARCHAR(50) NOT NULL,
    kontak VARCHAR(50) NOT NULL,
    id_pemilik_hak_cipta UUID,
    FOREIGN KEY (id_pemilik_hak_cipta) REFERENCES PEMILIK_HAK_CIPTA (id)
);

CREATE TABLE AKUN_PLAY_USER_PLAYLIST (
  email_pemain varchar(50),
  id_user_playlist UUID,
  email_pembuat varchar(50),
  waktu timestamp,

  PRIMARY KEY(email_pemain, id_user_playlist, email_pembuat, waktu),
  FOREIGN KEY(email_pemain) REFERENCES AKUN(email) ON UPDATE CASCADE ON DELETE CASCADE,
  FOREIGN KEY(id_user_playlist, email_pembuat) REFERENCES USER_PLAYLIST(id_user_playlist, email_pembuat) ON UPDATE CASCADE ON DELETE CASCADE
);

CREATE TABLE ALBUM (
    id UUID PRIMARY KEY,
    judul VARCHAR(100) NOT NULL,
    jumlah_lagu INT NOT NULL DEFAULT 0,
    id_label UUID,
    total_durasi INT NOT NULL DEFAULT 0,
    FOREIGN KEY (id_label) REFERENCES LABEL (id)
);

CREATE TABLE EPISODE(
    id_episode UUID PRIMARY KEY,
    id_konten_podcast UUID,
    judul VARCHAR(100) NOT NULL,
    deskripsi VARCHAR(500) NOT NULL,
    durasi INTEGER NOT NULL,
    tanggal_rilis DATE NOT NULL,
    FOREIGN KEY(id_konten_podcast) REFERENCES PODCAST (id_konten) ON UPDATE CASCADE ON DELETE CASCADE
);

CREATE TABLE SONG (
    id_konten UUID PRIMARY KEY,
    id_artist UUID,
    id_album UUID,
    total_play INT NOT NULL DEFAULT 0,
    total_download INT NOT NULL DEFAULT 0,
    FOREIGN KEY (id_konten) REFERENCES KONTEN (id),
    FOREIGN KEY (id_artist) REFERENCES ARTIST (id),
    FOREIGN KEY (id_album) REFERENCES ALBUM (id)
);

CREATE TABLE ROYALTI (
  id_pemilik_hak_cipta UUID,
  id_song UUID,
  jumlah int not null,

  PRIMARY KEY(id_pemilik_hak_cipta, id_song),
  FOREIGN KEY(id_pemilik_hak_cipta) REFERENCES PEMILIK_HAK_CIPTA(id) ON UPDATE CASCADE ON DELETE CASCADE,
  FOREIGN KEY(id_song) REFERENCES SONG(id_konten) ON UPDATE CASCADE ON DELETE CASCADE
);

CREATE TABLE SONGWRITER_WRITE_SONG (
  id_songwriter UUID,
  id_song UUID,
  PRIMARY KEY(id_songwriter, id_song),
  FOREIGN KEY(id_songwriter) REFERENCES SONGWRITER(id) ON UPDATE CASCADE ON DELETE CASCADE,
  FOREIGN KEY(id_song) REFERENCES SONG(id_konten) ON UPDATE CASCADE ON DELETE CASCADE
);

CREATE TABLE DOWNLOADED_SONG (
  id_song UUID,
  email_downloader varchar(50),
  PRIMARY KEY(id_song, email_downloader),
  FOREIGN KEY(id_song) REFERENCES SONG(id_konten) ON UPDATE CASCADE ON DELETE CASCADE,
  FOREIGN KEY(email_downloader) REFERENCES PREMIUM(email) ON UPDATE CASCADE ON DELETE CASCADE
);

CREATE TABLE AKUN_PLAY_SONG (
  email_pemain varchar(50),
  id_song UUID,
  waktu timestamp,
  PRIMARY KEY(email_pemain, id_song, waktu),
  FOREIGN KEY(email_pemain) REFERENCES AKUN(email) ON UPDATE CASCADE ON DELETE CASCADE,
  FOREIGN KEY(id_song) REFERENCES SONG(id_konten) ON UPDATE CASCADE ON DELETE CASCADE
);

CREATE TABLE PLAYLIST_SONG (
  id_playlist UUID,
  id_song UUID,
  PRIMARY KEY(id_playlist, id_song),
  FOREIGN KEY(id_playlist) REFERENCES PLAYLIST(id) ON UPDATE CASCADE ON DELETE CASCADE,
  FOREIGN KEY(id_song) REFERENCES SONG(id_konten) ON UPDATE CASCADE ON DELETE CASCADE
);

INSERT INTO AKUN VALUES ('usermarmut1@gmail.com','Password1','Jane Ruka',0.0,'Jakarta','1990-05-15 00:00:00','False','Jakarta'),
	('usermarmut2@gmail.com','Password2','John Smith',1.0,'Surabaya','1988-10-20 00:00:00','False','Jakarta'),
	('usermarmut3@gmail.com','Password3','Maria Hwasa',0.0,'Medan','1995-03-02 00:00:00','False','Jakarta'),
	('usermarmut4@gmail.com','Password4','Michael Adrian',1.0,'Bandung','1992-07-12 00:00:00','False','Jakarta'),
	('usermarmut5@gmail.com','Password5','Sarah Sechan',0.0,'Denpasar','1987-12-30 00:00:00','True','Manado'),
	('usermarmut6@gmail.com','Password6','David Davidson',1.0,'Semarang','1998-09-05 00:00:00','False','Manado'),
	('usermarmut7@gmail.com','Password7','Amanda Vivi',0.0,'Palembang','1993-04-18 00:00:00','False','Manado'),
	('usermarmut8@gmail.com','Password8','James Gilbert',1.0,'Makassar','1991-11-24 00:00:00','False','Manado'),
	('usermarmut9@gmail.com','Password9','Emily Robinson',0.0,'Tangerang','1989-06-08 00:00:00','False','Medan'),
	('usermarmut10@gmail.com','Password10','William Martinez',1.0,'Bekasi','1996-01-31 00:00:00','False','Medan'),
	('usermarmut11@gmail.com','Password11','Olivia Danendra',0.0,'Depok','2000-03-15 00:00:00','False','Medan'),
	('usermarmut12@gmail.com','Password12','Daniel Clark',1.0,'Batam','2001-09-20 00:00:00','False','Medan'),
	('usermarmut13@gmail.com','Password13','Chloe Rodriguez',0.0,'Padang','2002-05-02 00:00:00','False','Bandung'),
	('usermarmut14@gmail.com','Password14','Ethan Nathaniel',1.0,'Bandar Lampung','2003-11-12 00:00:00','False','Bandung'),
	('usermarmut15@gmail.com','Password15','Mia Lewis',0.0,'Malang','2004-08-30 00:00:00','False','Bandung'),
	('usermarmut16@gmail.com','Password16','Benjamin Hall',1.0,'Yogyakarta','2005-12-05 00:00:00','False','Bandung'),
	('usermarmut17@gmail.com','Password17','Amelia White',0.0,'Bogor','2006-04-18 00:00:00','False','Denpasar'),
	('usermarmut18@gmail.com','Password18','Nathan Bonaparte',1.0,'Surakarta','2007-10-24 00:00:00','False','Denpasar'),
	('usermarmut19@gmail.com','Password19','Ella Gross',0.0,'Cimahi','2000-07-08 00:00:00','True','Denpasar'),
	('usermarmut20@gmail.com','Password20','Raditya Dika',1.0,'Pontianak','2001-02-14 00:00:00','False','Denpasar'),
	('usermarmut21@gmail.com','Password21','Dylan Wang',1.0,'Banjarmasin','1999-11-10 00:00:00','True','Semarang'),
	('usermarmut22@gmail.com','Password22','Penelope Haris',0.0,'Samarinda','1990-02-28 00:00:00','False','Semarang'),
	('usermarmut23@gmail.com','Password23','Victoria Renata',0.0,'Balikpapan','1985-09-14 00:00:00','False','Semarang'),
	('usermarmut24@gmail.com','Password24','Riley Nicholas',1.0,'Manado','1993-06-22 00:00:00','False','Semarang'),
	('usermarmut25@gmail.com','Password25','Lilian Long',0.0,'Mataram','1988-03-19 00:00:00','False','Bogor'),
	('usermarmut26@gmail.com','Password26','Leo Moris',1.0,'Pekanbaru','1995-10-07 00:00:00','True','Bogor'),
	('usermarmut27@gmail.com','Password27','Stella Richardson',0.0,'Ambon','1989-05-03 00:00:00','False','Bogor'),
	('bring_me_the_horizon_artist@gmail.com','Password28','The Horizon',1.0,'Jayapura','1992-01-13 00:00:00','True','Bogor'),
	('linkin_park_artist@gmail.com','Password29','Linkin Park',1.0,'Sorong','1996-04-27 00:00:00','True','Malang'),
	('niki_artist@gmail.com','Password30','Niki Zefanya',0.0,'Palu','1987-08-09 00:00:00','True','Malang'),
	('vierratale_artist@gmail.com','Password31','Vierra Tale',0.0,'Kendari','1990-11-10 00:00:00','True','Malang'),
	('dewa_19_artist@gmail.com','Password32','Dewa 19',1.0,'Makasar','2005-09-09 00:00:00','True','Malang'),
	('kla_project_artist@gmail.com','Password33','Kla Band',0.0,'Manokwari','2006-03-26 00:00:00','True','Surabaya'),
	('rich_brian_artist@gmail.com','Password34','Rich Brian',1.0,'Magelang','2007-11-10 00:00:00','True','Surabaya'),
	('avenged_sevenfold_artist@gmail.com','Password35','Avenged Sevenfold',1.0,'Bengkulu','2000-05-20 00:00:00','True','Surabaya'),
	('green_day_artist@gmail.com','Password36','Green Day',1.0,'Kotamobagu','2001-12-11 00:00:00','True','Surabaya'),
	('my_chemical_romance_artist@gmail.com','Password37','My Chemical Romance ',1.0,'Bontang','1994-12-03 00:00:00','True','Bandar Lampung'),
	('reality_club_artist@gmail.com','Password38','Reality Club',1.0,'Tarakan','1988-07-23 00:00:00','True','Bandar Lampung'),
	('hindia_artist@gmail.com','Password39','Hindia',1.0,'Singkawang','1997-09-18 00:00:00','True','Bandar Lampung'),
	('henry_moodie_artist@gmail.com','Password40','Henry Moodie',1.0,'Tomohon','1998-02-13 00:00:00','True','Bandar Lampung'),
	('bruno_major_artist@gmail.com','Password41','Bruno Major ',1.0,'Bukittinggi','1996-04-27 00:00:00','True','Batam'),
	('nick_jonas_artist@gmail.com','Password42','Nick Jonas',1.0,'Tanjung Pinang','1987-08-09 00:00:00','True','Batam'),
	('jkt_48_artist@gmail.com','Password43','JKT 48',0.0,'Palangkaraya','2005-09-09 00:00:00','True','Batam'),
	('iu_artist@gmail.com','Password44','IU',0.0,'Palopo','2006-03-26 00:00:00','True','Batam'),
	('blackpink_artist@gmail.com','Password45','Blackpink',0.0,'Banda Aceh','2007-11-10 00:00:00','True','Padang'),
	('olivia_rodrigo_artist@gmail.com','Password46','Olivia Rodrigo',0.0,'Lhokseumawe','2000-05-20 00:00:00','True','Padang'),
	('taylor_swift_artist@gmail.com','Password47','Taylor Swift',0.0,'Surabaya','2001-12-11 00:00:00','True','Padang'),
	('new_jeans_artist@gmail.com','Password48','New Jeans',0.0,'Jambi','2002-08-07 00:00:00','True','Padang'),
	('lomba_sihir_artist@gmail.com','Password49','Lomba Sihir',1.0,'Semarang','2003-02-28 00:00:00','True','Makassar'),
	('.feast_artist@gmail.com','Password50','.Feast',1.0,'Jakarta','1994-12-03 00:00:00','True','Makassar');

INSERT INTO KONTEN VALUES ('a65345df-b0d3-454b-acf0-122c97f0f1ae','Anything You Want','2023-05-26 00:00:00',2023,4),
('d4af5b64-3bac-47d2-b18c-c635bd844fe6','Alexandra','2019-08-30 00:00:00',2019,4),
('5b282d63-8146-4af0-9ffb-d3609372a008','Am I Bothering You?','2023-05-26 00:00:00',2023,4),
('bfb1d70d-1d30-463d-9631-79d7cd94644f','Is It the Answer','2017-08-19 00:00:00',2017,4),
('8041b7c9-af83-4c61-be8b-aa1198803b2b','Love Epiphany','2023-05-26 00:00:00',2023,5),
('cff0aaeb-57ad-4585-85f9-5a2b7b537fec','2112','2019-08-30 00:00:00',2019,6),
('1ffe4bc3-9b0e-46ae-a4c7-3f49def72c74','A Sorrowful Reunion','2019-08-30 00:00:00',2019,4),
('2550eeed-ff38-4695-8d0e-5598e3f7746d','Telenovia','2019-08-30 00:00:00',2019,5),
('bca44f1a-0ca5-4171-9b73-886ee784f6ea','Elastic Hearts','2017-08-19 00:00:00',2017,4),
('f01020a2-1046-4def-8c8c-57f257935164','Drunk text','2023-02-10 00:00:00',2023,3),
('0069e974-fd2a-4214-8e1e-a42c6a87546b','Easily','2016-11-25 00:00:00',2016,3),
('c4049bcb-5504-4156-aff2-5c5bdd1a3761','Home','2016-12-23 00:00:00',2016,3),
('17cb6677-1739-4082-84ca-5e1ac39b83ad','Fair-Weather Friend','2017-05-04 00:00:00',2017,3),
('1ae47aa3-5cd3-4d71-b20b-4bfff920cea2','The Most Beautiful Thing','2020-05-01 00:00:00',2020,4),
('ff975a2f-9d4f-4c54-938a-1f5f850b0b8a','Nothing','2019-09-12 00:00:00',2019,2),
('1e8020d7-a962-490b-8d4e-949b3e3244e9','Jurus Rahasia Teleport','2012-05-17 00:00:00',2012,3),
('8868a7ff-d1be-4ace-a0de-f3b2050023a7','Rapsodi','2020-01-09 00:00:00',2020,4),
('5eb93ec5-319c-40db-9912-86d6263ee73f','Bersepeda Berdua','2012-05-17 00:00:00',2012,5),
('f34496a3-1eef-4141-bbd7-5ea8abbfb412','Jiwaru Days','2022-02-20 00:00:00',2022,5),
('a4ba7411-5790-49c9-b397-8d940c12c40e','Eureka Milik Kita','2022-11-18 00:00:00',2022,4),
('8ba569dc-0e5e-4961-bc97-b2fc2f551a05','Shonichi','2012-05-17 00:00:00',2012,4),
('8b742b3e-2e52-4d3d-917b-4a8edc68cc5c','Love wins all','2024-01-24 00:00:00',2024,4),
('41056f89-f00b-41a8-b3e3-75d726bd3cdf','Blueming','2019-11-18 00:00:00',2019,3),
('d6b564ab-982f-4681-8a89-96081c53822f','BBIBBI','2018-10-10 00:00:00',2018,3),
('02180e51-54a3-4c51-8d7c-f08bdec8bb00','LILAC','2021-05-25 00:00:00',2021,3),
('ebccf8ce-97bf-4c1f-8d50-6fe33c64c5b0','Pink Venom','2022-08-19 00:00:00',2022,3),
('2e081fba-b234-4eec-8ba8-0fbefa212fe6','How You Like That','2020-06-26 00:00:00',2020,3),
('5f695c06-564f-4ba6-9057-a149f2e81b74','Shut Down','2022-09-16 00:00:00',2022,3),
('ff914af6-628a-48b1-9d93-2b7d57354c76','Kill This Love','2019-04-05 00:00:00',2019,3),
('ddb50e99-0653-4278-832e-af79b50aed6e','Cincin','2023-07-07 00:00:00',2023,4),
('4242523d-6d14-4efd-bb6e-6db097549a88','Berdansalah, Karir Ini Tak Ada Artinya','2023-07-21 00:00:00',2023,3),
('195966b4-88d5-41b0-9634-8a6951270dbf','Secukupnya','2019-05-03 00:00:00',2019,3),
('bfc49895-4e1f-43ee-966f-be88b4ad915c','Evaluasi','2019-03-22 00:00:00',2019,3),
('b9173dd8-5219-4900-b3de-e3841ec76abd','Take A Chance With Me','2022-08-12 00:00:00',2022,5),
('67abec76-8b5b-4f7c-a3fb-48178adc2dad','Backburner','2022-08-12 00:00:00',2022,4),
('8baf1da1-ae80-484f-9881-7e3877cecadf','High School in Jakarta','2022-08-05 00:00:00',2022,3),
('fe70428a-349d-4353-a0a2-761a4806d913','Anaheim','2022-08-12 00:00:00',2022,4),
('d0c91949-8127-4ed0-a3e9-66d0480dba30','Vampire','2023-06-30 00:00:00',2023,3),
('1b3f21aa-bb46-4c31-bada-46bb863605d9','Drivers license','2021-01-08 00:00:00',2021,4),
('37b4ae2a-c41c-4d51-9cee-e1658b7158b5','Happier','2021-05-21 00:00:00',2021,3),
('28e9e354-7516-458f-9486-f05b6de8e5a5','So american','2024-03-22 00:00:00',2024,2),
('849d96e7-d0e6-4622-9e76-910f95282fe7','So Long, London','2024-04-19 00:00:00',2024,4),
('b8b85e2d-e15c-4164-93ca-95d3a19065e3','I Can Do It With a Broken Heart','2024-04-19 00:00:00',2024,3),
('479eb7f8-3fd8-44d6-83a2-21b4b9f1e6aa','Down bad','2024-04-19 00:00:00',2024,4),
('f8849fd1-ad68-40e0-b4c4-59f2c0b30c00','The Story Of Us (Taylor''s Version)','2023-07-07 00:00:00',2023,4),
('09a0dce7-b7c7-442e-92ae-19efc8e0ff2d','Labyrinth','2022-10-21 00:00:00',2022,4),
('73b0d63e-60b9-4200-8d29-61e6c0703131','New Jeans','2023-07-07 00:00:00',2023,1),
('b071f7ce-8175-42be-89bf-872ddd085fae','Super Shy','2023-07-07 00:00:00',2023,2),
('6d1db724-e442-4112-89e1-bd4c0eba7121','Mungkin Takut Perubahan','2021-03-26 00:00:00',2021,3),
('2d7cbf51-35c8-49e9-bef9-af36449bc00f','Kami Belum tentu','2018-09-13 00:00:00',2018,4),
('94fbb145-f819-49a8-ad01-79b040d36f68','Rintik Sedu','2020-02-16 00:00:00',2020,260),
('4900c472-2794-4ba8-8cb3-3dd03086fd68','Pengembangan Diri','2020-02-10 00:00:00',2020,540),
('292b474e-2c6c-48f3-95de-84ebf8bd14fb','Podcast Raditya Dika','2019-04-25 00:00:00',2019,450),
('c361b55a-dc8d-46b6-8a97-93fa7df0a3ac','AGAK LAEN!','2021-04-26 00:00:00',2021,350),
('829027cb-4eee-4435-88c2-fdefb5069ca0','PODKESMAS','2021-09-21 00:00:00',2021,240),
('7bb29c3c-1002-4da5-9c33-4acef03d2b95','I Apologise If You Feel Something','2019-01-25 00:00:00',2019,2),
('19612ad1-f12c-4f27-bed6-7aa80d774794','Mantra','2019-08-21 00:00:00',2019,4),
('172f3b2a-02e0-4951-8164-80868f77da57','Nihilist Blues (featuring Grimes)','2019-01-24 00:00:00',2019,5),
('318128b6-1b89-4309-9964-f7917267b24f','In the Dark','2019-01-25 00:00:00',2019,4),
('ca97c11b-e128-4634-88a1-829bad2a308d','Wonderful Life (featuring Dani Filth)','2019-10-21 00:00:00',2019,4),
('82e0800a-2bcf-4fd4-b3e4-8fdd4a816f80','Ouch','2019-01-25 00:00:00',2019,2),
('b4a0fb67-a893-42a9-a00e-406913fa1f53','Medicine','2019-01-03 00:00:00',2019,3),
('1c51e2c7-14fa-4906-8735-9331d4c12ce0','Sugar Honey Ice & Tea','2019-01-25 00:00:00',2019,4),
('5c804e41-0fca-4c96-9900-06dd940d6400','Why You Gotta Kick Me When I''m Down?','2019-01-25 00:00:00',2019,4),
('bc1e3e0d-ccc5-40fe-900c-cd827f0e0f6e','Fresh Bruises','2019-01-25 00:00:00',2019,3),
('5b0ca1bf-87d9-4b74-992b-e4d514e13b90','Mother Tongue','2019-01-22 00:00:00',2019,3),
('b94a3542-57a8-45fc-93b7-86c14ea676b3','Heavy Metal (featuring Rahzel)','2019-01-25 00:00:00',2019,4),
('c649beb1-0f35-4a31-b7d7-5e26d7ef5433','I Don''t Know What to Say','2019-01-25 00:00:00',2019,6),
('1d0e54a8-ebd4-4d68-9dfa-e91bb4a060ed','The End.','2006-10-23 00:00:00',2006,2),
('7bab316a-2663-4875-a085-dd132f97a77e','Dead!','2006-10-23 00:00:00',2006,3),
('6e16d494-4a47-44e6-9166-9eb5105b2cb9','This Is How I Disappear','2006-10-23 00:00:00',2006,4),
('71666064-8bd7-46de-9470-4707a1fa980d','The Sharpest Lives','2006-10-23 00:00:00',2006,3),
('4423a438-ad9c-490c-8066-cafd27274067','Welcome to the Black Parade','2006-09-12 00:00:00',2006,5),
('929a4c7e-4c89-4fc9-885a-46e8257a6a22','I Don''t Love You','2006-10-23 00:00:00',2006,4),
('e2b909d7-b8a4-4ef5-81e0-bf85f3da5a7a','House of Wolves','2006-10-23 00:00:00',2006,2),
('e4b3bf63-d722-4349-8dd8-b61603538a36','Cancer','2006-10-23 00:00:00',2006,2),
('b7f0a083-dcd3-4c40-a25a-e184ec2cdc36','Mama (featuring Liza Minnelli)','2006-10-24 00:00:00',2006,4),
('0b03bca1-8666-4de0-8701-8d88d59ada83','Sleep','2006-10-23 00:00:00',2006,4),
('87d4dc84-272e-4e74-bcf3-196df3e5d5a7','Teenagers','2006-07-09 00:00:00',2006,2),
('0bd1d807-a6e4-4792-b22f-d10c0e3ae61b','Disenchanted','2006-10-23 00:00:00',2006,5),
('e83e0440-70ea-41bd-8524-564e620f527a','Famous Last Words','2006-01-22 00:00:00',2006,5),
('70763e28-0aca-4327-a2a6-beac8600d4b6','Blood','2006-10-23 00:00:00',2006,3);

INSERT INTO "PAKET" ("jenis","harga")
VALUES
('1 Bulan',27500),
('3 Bulan',80000),
('6 Bulan',150000),
('1 Tahun',270000);

INSERT INTO "PLAYLIST" ("id")
VALUES
('c2a98d95-f688-41a9-adba-67829d61d5f5'),
('d09a4a68-5584-4310-8ed4-562f6da25439'),
('9e6a28e8-47b7-440f-815e-b0c65c4b5118'),
('5f9dbb9d-88a0-4ce4-984b-7e89e778366d'),
('4f7208a3-5bc9-4d8d-a6aa-a45a53a1cb7d'),
('1a73677e-6d0b-4e49-91f5-1381bfea1924'),
('7cbac001-6f36-449c-bebe-335f537c2dea'),
('eb380889-414b-4cc9-9ba1-1c3b0b3e0830'),
('360e899b-d2f0-45a0-83b5-d33f12650e62'),
('f28f21dc-ecf9-4ea0-b0ba-a3391230d79d');

INSERT INTO "PEMILIK_HAK_CIPTA" ("id","rate_royalti")
VALUES
('6372534e-9801-4a54-aa40-9f620d740c07',20),
('32cdd99b-e257-453f-80b1-ef47c4ed7a99',50),
('02634654-ed4d-4ca2-ae94-5e2e25c934fe',40),
('b2cab264-5b7c-4fc7-a490-df95a80cec8c',50),
('d8d6830b-8f59-4b5f-b1e9-1d38de41b617',40),
('649dd9bd-9b49-411f-a5b5-1d8a6b12af8a',20),
('8cae4bb8-308e-4613-b407-5f5788a7d49d',50),
('2426b3a4-a6bd-4715-97f8-9a1c33089ac4',40),
('a82e7217-19b3-45f4-8dfd-f6574f68d2d5',50),
('d99b119b-8b14-4c20-baca-b12a2650374d',40),
('96eea8ea-5328-4c35-bb0e-56d2bff2d0e8',40),
('e4c443cb-883c-456a-8327-757309f3f86c',50),
('3f241ec3-d95c-4e80-b404-663cd1a1f4d6',40),
('8c70a18f-ded2-4471-b722-1e5490f594d0',50),
('0e204ecb-d646-4653-ac2e-576cd62a5249',20),
('9ff3087e-34b9-4c48-b9a3-4ba43b788aa0',20),
('aaa37788-8c38-4a56-ae3e-fc64fe235b19',40),
('e0743c6f-bd32-41b3-be5e-120bc4cdedb4',10),
('c8325ffb-1df1-4519-abc4-344155d35dc8',20),
('c59e195d-d017-4ab8-82c5-144071c1e8f9',20),
('f102aba1-bf5a-4339-948e-c831d01294f0',40),
('ca429687-91b6-40fd-bb71-87613b551a42',40),
('001cd2a6-a6e3-45e9-8a1a-4c3393b835f5',30),
('f3944b91-8625-4e5f-bf5a-5b60c3114708',30),
('410c9c4d-5fc8-4873-8106-6773a03f07cd',20),
('753b6218-6f7f-457a-9e2c-0e85f7fb06ae',20),
('9c2407f5-d4f3-48e8-8ab8-a02573bff5fb',40),
('a122d815-c7ee-40dd-8df6-5ec1f8920fb6',10),
('01922986-d30a-4d85-862c-59b2c9c65aac',20),
('d4325037-6a3c-471b-8e31-e5db2630d773',40),
('16a040e1-a8fe-4dfd-9186-1b31cabd7241',30),
('ef529352-a7b9-485b-b011-ae3e672ef3c7',30),
('3df5fea2-8760-4c57-911d-4bf964c2bc9c',20),
('06d68a1b-b7c0-45fa-bdfd-1fc8cbf836a8',20),
('5d7bf85d-02c3-43ee-8a4c-fe19690e5512',30),
('73873e54-57ed-4db4-abc4-6abcc2e50a2c',20),
('286644cc-d3d8-4a75-8d25-67cfc3b46587',40),
('aa2fe6f5-5566-4616-a84f-42800d7c4b5a',20),
('ab934dd3-2893-4f63-b41c-35a170cd7364',50),
('c2504d07-1011-407e-9025-8c7321516362',50),
('fce9f8c5-6de6-46b6-9445-96062c3e6b36',10),
('a1e64b0e-ff69-4637-a5b3-9126dc3781e9',40),
('4ac5ea64-c3d7-43e1-b001-bf93eb2c6c20',10),
('090b9f19-f3be-4287-ae64-c5a1917dff7d',50),
('6f97a61f-c750-423c-abb7-4687732d8a86',40),
('95a8dbff-fb39-44ef-871d-86b1c6ea7916',50),
('e60a9e49-dc1b-4057-9dc3-892ff65c4b7f',30);

INSERT INTO NON_PREMIUM VALUES ('usermarmut1@gmail.com'),
	('usermarmut2@gmail.com'),
	('usermarmut3@gmail.com'),
	('usermarmut4@gmail.com'),
	('usermarmut5@gmail.com'),
	('usermarmut6@gmail.com'),
	('usermarmut7@gmail.com'),
	('usermarmut8@gmail.com'),
	('usermarmut9@gmail.com'),
	('usermarmut13@gmail.com'),
	('usermarmut14@gmail.com'),
	('usermarmut15@gmail.com'),
	('usermarmut16@gmail.com'),
	('usermarmut17@gmail.com'),
	('usermarmut18@gmail.com'),
	('usermarmut22@gmail.com'),
	('usermarmut23@gmail.com'),
	('usermarmut24@gmail.com'),
	('usermarmut25@gmail.com'),
	('usermarmut26@gmail.com'),
	('usermarmut27@gmail.com'),
	('reality_club_artist@gmail.com'),
	('bring_me_the_horizon_artist@gmail.com'),
	('rich_brian_artist@gmail.com'),
	('niki_artist@gmail.com'),
	('vierratale_artist@gmail.com'),
	('dewa_19_artist@gmail.com'),

INSERT INTO PREMIUM VALUES ('usermarmut10@gmail.com'),
	('usermarmut11@gmail.com'),
	('usermarmut12@gmail.com'),
	('usermarmut19@gmail.com'),
	('usermarmut20@gmail.com'),
	('usermarmut21@gmail.com'),
	('olivia_rodrigo_artist@gmail.com'),
	('kla_project_artist@gmail.com'),
	('jkt_48_artist@gmail.com'),
	('blackpink_artist@gmail.com'),
	('linkin_park_artist@gmail.com'),
	('avenged_sevenfold_artist@gmail.com'),
	('bruno_major_artist@gmail.com'),
	('taylor_swift_artist@gmail.com'),
	('my_chemical_romance_artist@gmail.com');

INSERT INTO PODCASTER VALUES ('usermarmut3@gmail.com'),
	('usermarmut5@gmail.com'),
	('usermarmut11@gmail.com'),
	('usermarmut12@gmail.com'),
	('usermarmut15@gmail.com'),
	('usermarmut19@gmail.com'),
	('usermarmut20@gmail.com'),
	('usermarmut21@gmail.com'),
	('usermarmut24@gmail.com'),
	('usermarmut26@gmail.com');

INSERT INTO GENRE VALUES ('a65345df-b0d3-454b-acf0-122c97f0f1ae','Indie Pop'),
('d4af5b64-3bac-47d2-b18c-c635bd844fe6','Indie Rock'),
('5b282d63-8146-4af0-9ffb-d3609372a008','Indie Pop'),
('bfb1d70d-1d30-463d-9631-79d7cd94644f','Alternative Rock'),
('8041b7c9-af83-4c61-be8b-aa1198803b2b','Indie Pop'),
('cff0aaeb-57ad-4585-85f9-5a2b7b537fec','Indie Pop'),
('1ffe4bc3-9b0e-46ae-a4c7-3f49def72c74','Indie Pop'),
('2550eeed-ff38-4695-8d0e-5598e3f7746d','Indie Pop'),
('bca44f1a-0ca5-4171-9b73-886ee784f6ea','Alternative Rock'),
('f01020a2-1046-4def-8c8c-57f257935164','Pop'),
('0069e974-fd2a-4214-8e1e-a42c6a87546b','R&B'),
('c4049bcb-5504-4156-aff2-5c5bdd1a3761','R&B'),
('17cb6677-1739-4082-84ca-5e1ac39b83ad','R&B'),
('1ae47aa3-5cd3-4d71-b20b-4bfff920cea2','R&B'),
('ff975a2f-9d4f-4c54-938a-1f5f850b0b8a','R&B'),
('1e8020d7-a962-490b-8d4e-949b3e3244e9','J-pop'),
('8868a7ff-d1be-4ace-a0de-f3b2050023a7','Pop'),
('5eb93ec5-319c-40db-9912-86d6263ee73f','J-pop'),
('f34496a3-1eef-4141-bbd7-5ea8abbfb412','J-pop'),
('a4ba7411-5790-49c9-b397-8d940c12c40e','J-pop'),
('8ba569dc-0e5e-4961-bc97-b2fc2f551a05','J-pop'),
('8b742b3e-2e52-4d3d-917b-4a8edc68cc5c','K-pop'),
('41056f89-f00b-41a8-b3e3-75d726bd3cdf','K-pop'),
('d6b564ab-982f-4681-8a89-96081c53822f','K-pop'),
('02180e51-54a3-4c51-8d7c-f08bdec8bb00','K-pop'),
('ebccf8ce-97bf-4c1f-8d50-6fe33c64c5b0','K-pop'),
('2e081fba-b234-4eec-8ba8-0fbefa212fe6','K-pop'),
('5f695c06-564f-4ba6-9057-a149f2e81b74','K-pop'),
('ff914af6-628a-48b1-9d93-2b7d57354c76','K-pop'),
('ddb50e99-0653-4278-832e-af79b50aed6e','Pop Rock'),
('4242523d-6d14-4efd-bb6e-6db097549a88','Pop Rock'),
('195966b4-88d5-41b0-9634-8a6951270dbf','Electropop'),
('bfc49895-4e1f-43ee-966f-be88b4ad915c','Pop Rock'),
('b9173dd8-5219-4900-b3de-e3841ec76abd','Alternative Pop'),
('67abec76-8b5b-4f7c-a3fb-48178adc2dad','Alternative Pop'),
('8baf1da1-ae80-484f-9881-7e3877cecadf','Alternative Pop'),
('fe70428a-349d-4353-a0a2-761a4806d913','Alternative Pop'),
('d0c91949-8127-4ed0-a3e9-66d0480dba30','Pop'),
('1b3f21aa-bb46-4c31-bada-46bb863605d9','Pop'),
('37b4ae2a-c41c-4d51-9cee-e1658b7158b5','Pop'),
('28e9e354-7516-458f-9486-f05b6de8e5a5','Pop'),
('849d96e7-d0e6-4622-9e76-910f95282fe7','Synth-pop'),
('b8b85e2d-e15c-4164-93ca-95d3a19065e3','Electropop'),
('479eb7f8-3fd8-44d6-83a2-21b4b9f1e6aa','Pop'),
('f8849fd1-ad68-40e0-b4c4-59f2c0b30c00','Country pop'),
('09a0dce7-b7c7-442e-92ae-19efc8e0ff2d','Synth-pop'),
('73b0d63e-60b9-4200-8d29-61e6c0703131','K-pop'),
('b071f7ce-8175-42be-89bf-872ddd085fae','K-pop'),
('6d1db724-e442-4112-89e1-bd4c0eba7121','Indie Rock'),
('2d7cbf51-35c8-49e9-bef9-af36449bc00f','Indie Rock'),
('94fbb145-f819-49a8-ad01-79b040d36f68','Self improvement'),
('4900c472-2794-4ba8-8cb3-3dd03086fd68','Self improvement'),
('292b474e-2c6c-48f3-95de-84ebf8bd14fb','Comedy'),
('c361b55a-dc8d-46b6-8a97-93fa7df0a3ac','Comedy'),
('829027cb-4eee-4435-88c2-fdefb5069ca0','Comedy'),
('7bb29c3c-1002-4da5-9c33-4acef03d2b95','Alternative Metal'),
('19612ad1-f12c-4f27-bed6-7aa80d774794','Alternative Metal'),
('172f3b2a-02e0-4951-8164-80868f77da57','Alternative Metal'),
('318128b6-1b89-4309-9964-f7917267b24f','Alternative Metal'),
('ca97c11b-e128-4634-88a1-829bad2a308d','Alternative Metal'),
('82e0800a-2bcf-4fd4-b3e4-8fdd4a816f80','Alternative Metal'),
('b4a0fb67-a893-42a9-a00e-406913fa1f53','Alternative Metal'),
('1c51e2c7-14fa-4906-8735-9331d4c12ce0','Alternative Metal'),
('5c804e41-0fca-4c96-9900-06dd940d6400','Alternative Metal'),
('bc1e3e0d-ccc5-40fe-900c-cd827f0e0f6e','Alternative Metal'),
('5b0ca1bf-87d9-4b74-992b-e4d514e13b90','Alternative Rock'),
('b94a3542-57a8-45fc-93b7-86c14ea676b3','Alternative Rock'),
('c649beb1-0f35-4a31-b7d7-5e26d7ef5433','Alternative Rock'),
('1d0e54a8-ebd4-4d68-9dfa-e91bb4a060ed','Alternative Rock'),
('7bab316a-2663-4875-a085-dd132f97a77e','Alternative Rock'),
('6e16d494-4a47-44e6-9166-9eb5105b2cb9','Alternative Rock'),
('71666064-8bd7-46de-9470-4707a1fa980d','Alternative Rock'),
('4423a438-ad9c-490c-8066-cafd27274067','Alternative Rock'),
('929a4c7e-4c89-4fc9-885a-46e8257a6a22','Hard Rock'),
('e2b909d7-b8a4-4ef5-81e0-bf85f3da5a7a','Hard Rock'),
('e4b3bf63-d722-4349-8dd8-b61603538a36','Hard Rock'),
('b7f0a083-dcd3-4c40-a25a-e184ec2cdc36','Hard Rock'),
('0b03bca1-8666-4de0-8701-8d88d59ada83','Hard Rock'),
('87d4dc84-272e-4e74-bcf3-196df3e5d5a7','Hard Rock'),
('0bd1d807-a6e4-4792-b22f-d10c0e3ae61b','Hard Rock'),
('e83e0440-70ea-41bd-8524-564e620f527a','Hard Rock'),
('70763e28-0aca-4327-a2a6-beac8600d4b6','Hard Rock');

INSERT INTO "TRANSACTION" ("id","jenis_paket","email","timestamp_dimulai","timestamp_berakhir","metode_bayar","nominal")
VALUES
('095b97f5-b428-458b-aaa2-1c8cc22c1e96','1 Bulan','usermarmut1@gmail.com','''2023-09-02 13:57:24''','''2023-10-02 13:57:24''','E-Wallet',27500),
('14f8a0fa-afde-493c-b69b-3477c67a2a7d','3 Bulan','usermarmut2@gmail.com','''2023-02-14 08:54:09''','''2023-05-14 08:54:09''','E-Wallet',80000),
('694124ec-259d-4e24-a48c-3ae5ca0ffa10','6 Bulan','usermarmut3@gmail.com','''2023-12-12 02:07:15''','''2024-06-12 02:07:15''','Transfer Bank',150000),
('f41579dd-d130-4aa9-b21f-7400b331ebb0','1 Tahun','usermarmut4@gmail.com','''2023-08-25 01:39:28''','''2024-08-25 01:39:28''','Kartu Kredit',270000),
('2dad0800-1e5a-43a1-a7b4-22b5346f8c55','3 Bulan','usermarmut5@gmail.com','''2023-10-08 12:43:35''','''2024-01-08 12:43:35''','Transfer Bank',80000);

INSERT INTO "SONGWRITER" ("id","email_akun","id_pemilik_hak_cipta")
VALUES
('5fb4ee61-122e-497c-a4c2-123f621fc6f8','usermarmut13@gmail.com','aa2fe6f5-5566-4616-a84f-42800d7c4b5a'),
('8543fae2-0ada-4c18-b61e-92d06e6bd007','usermarmut14@gmail.com','ab934dd3-2893-4f63-b41c-35a170cd7364'),
('d1336dc6-9c79-468b-a2b3-fc3d81125d47','usermarmut15@gmail.com','c2504d07-1011-407e-9025-8c7321516362'),
('7b25fba8-5c97-49eb-b212-06d3386ac555','usermarmut16@gmail.com','fce9f8c5-6de6-46b6-9445-96062c3e6b36'),
('1d262047-63b6-41a4-9867-84eb35617194','usermarmut17@gmail.com','a1e64b0e-ff69-4637-a5b3-9126dc3781e9'),
('7f7642d7-5465-46fc-874f-83d182070337','usermarmut18@gmail.com','4ac5ea64-c3d7-43e1-b001-bf93eb2c6c20'),
('4ec008a4-85ce-47aa-bcd7-dd5f29c60010','usermarmut19@gmail.com','090b9f19-f3be-4287-ae64-c5a1917dff7d'),
('acafb386-5db0-44a1-b31e-28cbb568e661','usermarmut20@gmail.com','6f97a61f-c750-423c-abb7-4687732d8a86'),
('f8a0f096-46cc-40af-9c05-747afcc9fdb2','usermarmut21@gmail.com','95a8dbff-fb39-44ef-871d-86b1c6ea7916'),
('9b6d27d8-effc-4986-a0e3-9ba9100d50f9','usermarmut22@gmail.com','e60a9e49-dc1b-4057-9dc3-892ff65c4b7f');

INSERT INTO "USER_PLAYLIST" ("email_pembuat","id_user_playlist","judul","deskripsi","jumlah_lagu","tanggal_dibuat","id_playlist","total_durasi")
VALUES
('usermarmut19@gmail.com','c46c0747-1995-4397-a57f-5671b6b18f09','reflection','a playlist about myself i guess.',1,'2023-10-02''','4f7208a3-5bc9-4d8d-a6aa-a45a53a1cb7d',4),
('usermarmut20@gmail.com','ead81c3c-f7d1-4142-a55a-9bbc14f3304e','Partner in Crime','You know who you are :)',1,'2024-04-25''','1a73677e-6d0b-4e49-91f5-1381bfea1924',4),
('usermarmut21@gmail.com','32355664-70e9-4c88-9426-d5c739a9b51c','lights off','udah sono tidur hey tidur',1,'2024-01-08''','7cbac001-6f36-449c-bebe-335f537c2dea',3),
('usermarmut22@gmail.com','cba3cdaf-843e-4932-b333-b17aa9de461a','mors vincit omnia','Fav tracks',1,'2023-09-02''','eb380889-414b-4cc9-9ba1-1c3b0b3e0830',3),
('usermarmut23@gmail.com','e92da81b-605b-44cc-9aaa-a6f01804987c','Night by the Bay','"it''s better than nothing, right?"',1,'2023-02-14''','360e899b-d2f0-45a0-83b5-d33f12650e62',3),
('usermarmut24@gmail.com','84472977-b4cd-4227-ba83-c5be155ae9c1','friend recs','lagu fav kalian semua wkwk',1,'2023-12-12''','f28f21dc-ecf9-4ea0-b0ba-a3391230d79d',3);

INSERT INTO "CHART" ("tipe","id_playlist")
VALUES
('Daily Top 20','c2a98d95-f688-41a9-adba-67829d61d5f5'),
('Weekly Top 20','d09a4a68-5584-4310-8ed4-562f6da25439'),
('Monthly Top 20','9e6a28e8-47b7-440f-815e-b0c65c4b5118'),
('Yearly Top 20','5f9dbb9d-88a0-4ce4-984b-7e89e778366d');

INSERT INTO "LABEL" ("id","nama","email","password","kontak","id_pemilik_hak_cipta")
VALUES
('473358d6-5f9b-45b7-8dbd-705dac769493','Sony','sony_label@gmail.com','SonyGanteng123','@sony_official','6372534e-9801-4a54-aa40-9f620d740c07'),
('aa83a553-9500-4b5a-b6fa-74e13a4d4edd','Warner','warner_label@gmail.com','WarnerGanteng123','@warner_official','32cdd99b-e257-453f-80b1-ef47c4ed7a99'),
('e926e803-c258-4ff8-9fe4-310571a7d0be','88rising','88rising_label@gmail.com','88risingGanteng123','@88rising_official','02634654-ed4d-4ca2-ae94-5e2e25c934fe'),
('048d14db-3de3-49a5-b91c-b334e3c8ce75','Musica','musica_label@gmail.com','MusicaGanteng123','@musica_official','b2cab264-5b7c-4fc7-a490-df95a80cec8c'),
('464b5a7d-ae24-4d02-a02c-edd98eaa6934','Aquarius','aquarius_label@gmail.com','AquariusGanteng123','@aquarius_official','d8d6830b-8f59-4b5f-b1e9-1d38de41b617'),
('da47b443-30c9-427d-8085-2a6d063b1633','Columbia','columbia_label@gmail.com','ColumbiaGanteng123','@columbia_official','649dd9bd-9b49-411f-a5b5-1d8a6b12af8a'),
('5837b757-745a-414a-a4a0-9d2c6a44b0cd','July','july_label@gmail.com','JulyGanteng123','@july_official','8cae4bb8-308e-4613-b407-5f5788a7d49d'),
('ad248769-9bc0-4c28-b13f-9bd35901af94','AKS/KING','aks/king_label@gmail.com','AKS/KINGGanteng123','@aks/king_official','2426b3a4-a6bd-4715-97f8-9a1c33089ac4'),
('3181fa10-9352-4c38-af56-7fcb8fcb7749','Kakao M','kakao m_label@gmail.com','Kakao MGanteng123','@kakao m_official','a82e7217-19b3-45f4-8dfd-f6574f68d2d5'),
('ceebd1c0-02de-4a15-a704-68d8f42c0bb9','YG Entertainment','yg entertainment_label@gmail.com','YG EntertainmentGanteng123','@yg entertainment_official','d99b119b-8b14-4c20-baca-b12a2650374d'),
('e3ffc992-458e-4f89-b49b-d4df24f58ec4','SUN EATER','sun eater_label@gmail.com','SUN EATERGanteng123','@sun eater_official','96eea8ea-5328-4c35-bb0e-56d2bff2d0e8'),
('dd11e7d0-b0bd-436e-8706-4ac3418399c5','Geffen','geffen_label@gmail.com','GeffenGanteng123','@geffen_official','e4c443cb-883c-456a-8327-757309f3f86c'),
('4514746e-3ff4-4e58-b5a8-b6ca0f14b9d1','Universal','universal_label@gmail.com','UniversalGanteng123','@universal_official','3f241ec3-d95c-4e80-b404-663cd1a1f4d6'),
('669a147c-0f1f-4ccd-8c69-e0cbaf906358','ADOR','ador_label@gmail.com','ADORGanteng123','@ador_official','8c70a18f-ded2-4471-b722-1e5490f594d0');

INSERT INTO "ARTIST" ("id","email_akun","id_pemilik_hak_cipta")
VALUES
('ef8df2db-9d36-4a32-8e5f-047dd4e0de37','bring_me_the_horizon_artist@gmail.com','0e204ecb-d646-4653-ac2e-576cd62a5249'),
('46295b4c-5737-41d6-b722-3b928f0c2019','linkin_park_artist@gmail.com','9ff3087e-34b9-4c48-b9a3-4ba43b788aa0'),
('7bd560ce-b6e7-4a9c-86d4-9343e1587afc','niki_artist@gmail.com','aaa37788-8c38-4a56-ae3e-fc64fe235b19'),
('0f0893cd-5a48-4baa-8476-8607c8500039','vierratale_artist@gmail.com','e0743c6f-bd32-41b3-be5e-120bc4cdedb4'),
('6bd36523-41e0-4375-9e7d-81402fc4bc9c','dewa_19_artist@gmail.com','c8325ffb-1df1-4519-abc4-344155d35dc8'),
('ad76e9c1-2b38-4ebd-a8d6-ab4dcacae339','kla_project_artist@gmail.com','c59e195d-d017-4ab8-82c5-144071c1e8f9'),
('de18adc3-d644-4790-9969-e0847d9a011d','rich_brian_artist@gmail.com','f102aba1-bf5a-4339-948e-c831d01294f0'),
('370d4746-ea54-4cde-8925-daeb612add41','avenged_sevenfold_artist@gmail.com','ca429687-91b6-40fd-bb71-87613b551a42'),
('03f75bd4-4274-4972-a294-37175090f293','green_day_artist@gmail.com','001cd2a6-a6e3-45e9-8a1a-4c3393b835f5'),
('57036ef8-83f6-48f7-b1d6-315923caacc3','my_chemical_romance_artist@gmail.com','f3944b91-8625-4e5f-bf5a-5b60c3114708'),
('3faaa98b-84cb-4c8e-b3b6-7d70e63ca07c','reality_club_artist@gmail.com','410c9c4d-5fc8-4873-8106-6773a03f07cd'),
('e4a7fd65-0324-4aa0-adcd-52cb236ba5ff','hindia_artist@gmail.com','753b6218-6f7f-457a-9e2c-0e85f7fb06ae'),
('290709f2-8216-4be0-bdf4-a151ad0b0068','henry_moodie_artist@gmail.com','9c2407f5-d4f3-48e8-8ab8-a02573bff5fb'),
('7084acaf-1434-4503-abb5-17f5177dee0a','bruno_major_artist@gmail.com','a122d815-c7ee-40dd-8df6-5ec1f8920fb6'),
('fa6a81ca-017c-4ed5-88b4-d5fcae955dd4','nick_jonas_artist@gmail.com','01922986-d30a-4d85-862c-59b2c9c65aac'),
('7ed1406f-5cea-4382-bfd6-7d75e1f6b86d','jkt_48_artist@gmail.com','d4325037-6a3c-471b-8e31-e5db2630d773'),
('6bcb10dc-d8b0-4f68-88c6-4bafeb8e3ef9','iu_artist@gmail.com','16a040e1-a8fe-4dfd-9186-1b31cabd7241'),
('ea872fe6-53f6-4c81-93e7-9655d19c9298','blackpink_artist@gmail.com','ef529352-a7b9-485b-b011-ae3e672ef3c7'),
('b6c6eaee-8c3e-40ee-ab29-f63dad25e90d','olivia_rodrigo_artist@gmail.com','3df5fea2-8760-4c57-911d-4bf964c2bc9c'),
('c5010b17-24f4-4cef-9cf1-0c57dc1e9ff6','taylor_swift_artist@gmail.com','06d68a1b-b7c0-45fa-bdfd-1fc8cbf836a8'),
('5f58384f-aff8-40c1-bdb9-a04f260260a1','new_jeans_artist@gmail.com','5d7bf85d-02c3-43ee-8a4c-fe19690e5512'),
('9b92f1ad-c544-4183-85d7-b6cbf3d71fce','lomba_sihir_artist@gmail.com','73873e54-57ed-4db4-abc4-6abcc2e50a2c'),
('93bf77b1-7605-4646-b9d1-a62a8ec2548e','.feast_artist@gmail.com','286644cc-d3d8-4a75-8d25-67cfc3b46587');

INSERT INTO "PODCAST" ("id_konten","email_podcaster")
VALUES
('94fbb145-f819-49a8-ad01-79b040d36f68','usermarmut19@gmail.com'),
('4900c472-2794-4ba8-8cb3-3dd03086fd68','usermarmut5@gmail.com'),
('292b474e-2c6c-48f3-95de-84ebf8bd14fb','usermarmut21@gmail.com'),
('c361b55a-dc8d-46b6-8a97-93fa7df0a3ac','usermarmut26@gmail.com'),
('829027cb-4eee-4435-88c2-fdefb5069ca0','usermarmut20@gmail.com');

INSERT INTO "AKUN_PLAY_USER_PLAYLIST" ("email_pemain","id_user_playlist","email_pembuat","waktu")
VALUES
('usermarmut1@gmail.com','c46c0747-1995-4397-a57f-5671b6b18f09','usermarmut19@gmail.com','2024-01-01 00:00:00'''),
('usermarmut2@gmail.com','ead81c3c-f7d1-4142-a55a-9bbc14f3304e','usermarmut20@gmail.com','2024-01-08 12:34:56'''),
('usermarmut3@gmail.com','32355664-70e9-4c88-9426-d5c739a9b51c','usermarmut21@gmail.com','2024-01-15 01:23:45'''),
('usermarmut4@gmail.com','cba3cdaf-843e-4932-b333-b17aa9de461a','usermarmut22@gmail.com','2024-01-22 11:11:11'''),
('usermarmut5@gmail.com','e92da81b-605b-44cc-9aaa-a6f01804987c','usermarmut23@gmail.com','2024-01-29 21:09:08'''),
('usermarmut6@gmail.com','84472977-b4cd-4227-ba83-c5be155ae9c1','usermarmut24@gmail.com','2024-02-05 10:00:00'''),
('usermarmut7@gmail.com','c46c0747-1995-4397-a57f-5671b6b18f09','usermarmut19@gmail.com','2024-02-12 20:20:20'''),
('usermarmut8@gmail.com','ead81c3c-f7d1-4142-a55a-9bbc14f3304e','usermarmut20@gmail.com','2024-02-19 09:30:40'''),
('usermarmut9@gmail.com','32355664-70e9-4c88-9426-d5c739a9b51c','usermarmut21@gmail.com','2024-02-26 18:45:50'''),
('usermarmut10@gmail.com','cba3cdaf-843e-4932-b333-b17aa9de461a','usermarmut22@gmail.com','2024-03-04 03:33:33'''),
('usermarmut11@gmail.com','e92da81b-605b-44cc-9aaa-a6f01804987c','usermarmut23@gmail.com','2024-03-11 14:15:16'''),
('usermarmut12@gmail.com','84472977-b4cd-4227-ba83-c5be155ae9c1','usermarmut24@gmail.com','2024-03-18 23:59:59'''),
('usermarmut13@gmail.com','c46c0747-1995-4397-a57f-5671b6b18f09','usermarmut19@gmail.com','2024-03-25 08:45:00'''),
('usermarmut14@gmail.com','ead81c3c-f7d1-4142-a55a-9bbc14f3304e','usermarmut20@gmail.com','2024-04-01 19:20:30'''),
('usermarmut15@gmail.com','32355664-70e9-4c88-9426-d5c739a9b51c','usermarmut21@gmail.com','2024-04-08 04:56:12''');

INSERT INTO "ALBUM" ("id","judul","jumlah_lagu","id_label","total_durasi")
VALUES
('10919023-67a1-47bf-a16b-029b172c4707','amo',3,'473358d6-5f9b-45b7-8dbd-705dac769493',10),
('d7c62a6e-fdf1-4c6b-bde5-198a0b408bfc','The Black Parade',3,'aa83a553-9500-4b5a-b6fa-74e13a4d4edd',12),
('900f9263-e7e1-4e78-8a25-ea40bafd3a12','Nicole',3,'e926e803-c258-4ff8-9fe4-310571a7d0be',11),
('9fab9727-56e9-470c-940f-7bfef35447d8','Wakil Rakyat',3,'048d14db-3de3-49a5-b91c-b334e3c8ce75',10),
('8c6a0b77-289b-4386-97c7-d3820aaf951e','Storrytelling',3,'464b5a7d-ae24-4d02-a02c-edd98eaa6934',11),
('d0702d4e-ba46-448b-a589-f9dac7d5bd5e','Reality Club Presents...',3,NULL,15),
('d321702c-71a4-4de3-9b84-63cd955093b7','What Do You Really Know',3,NULL,14),
('d0e8457a-a05d-4b0d-b6a8-6e511c8a4504','Never Get Better',3,NULL,10),
('d4fb8faa-eab3-407d-bf9e-bef54e3537ea','in all of my lonely nights',3,'da47b443-30c9-427d-8085-2a6d063b1633',11),
('5830d510-688e-4f80-85f0-02b5ec2183b5','A Song For Every Moon',3,'5837b757-745a-414a-a4a0-9d2c6a44b0cd',10),
('ff59c2ad-80fd-47c5-8ced-8bbd2b5869fe','To Let A Good Thing Die',3,'5837b757-745a-414a-a4a0-9d2c6a44b0cd',10),
('ed78de20-c1d2-422c-b761-e3f83ffd930f','Pajama Drive',3,'ad248769-9bc0-4c28-b13f-9bd35901af94',11),
('c7555a48-937d-49dd-8118-b45b9dca12d9','Rapsodi',3,'ad248769-9bc0-4c28-b13f-9bd35901af94',9),
('16abf974-2c1f-46a2-8916-1448e7c1708e','Mahagita Vol.2',3,'ad248769-9bc0-4c28-b13f-9bd35901af94',10),
('fc400394-ec71-4837-be5b-f5ea55a25aad','Love poem',3,'3181fa10-9352-4c38-af56-7fcb8fcb7749',7),
('afc86510-76ae-4546-8897-c150ec4af1c1','IU 5th Album ''LILAC''',3,'3181fa10-9352-4c38-af56-7fcb8fcb7749',11),
('c3bd812d-7ae4-48f7-b232-b62ca2821195','THE ALBUM',3,'ceebd1c0-02de-4a15-a704-68d8f42c0bb9',12),
('88b91c45-64f0-4d1a-a9de-f0f2face79a8','BORN PINK',3,'ceebd1c0-02de-4a15-a704-68d8f42c0bb9',11),
('ee202a17-fd4d-40ac-9e48-8a6cc7016814','Kill This Love',3,'ceebd1c0-02de-4a15-a704-68d8f42c0bb9',11),
('cfeca246-c601-48ca-8180-18d5a1883dce','Lagipula Hidup Akan Berakhir',3,'e3ffc992-458e-4f89-b49b-d4df24f58ec4',11),
('338299ac-01cd-4895-a182-6b1919f1db77','Menari Dengan Bayangan',3,'e3ffc992-458e-4f89-b49b-d4df24f58ec4',10),
('113c8582-87ea-4324-98fb-214589ead4d9','GUTS',2,'dd11e7d0-b0bd-436e-8706-4ac3418399c5',8),
('f6a6f38b-a198-4b69-8e12-3b785a8c3c0e','drivers license',2,'dd11e7d0-b0bd-436e-8706-4ac3418399c5',5),
('09b2d301-6e34-4c82-b695-5dee2f06d1dd','THE TORTURED POETS DEPARTMENT',2,'4514746e-3ff4-4e58-b5a8-b6ca0f14b9d1',7),
('9a2b00b1-878c-4444-ab84-6ab638daa3ff','Speak Now (Taylor''s Version)',2,'4514746e-3ff4-4e58-b5a8-b6ca0f14b9d1',8),
('d6477faf-75ee-4d82-8d7b-7e5bb0475db7','Midnights',2,'4514746e-3ff4-4e58-b5a8-b6ca0f14b9d1',7),
('a68c8d48-c7ea-4d13-ab1c-9d324fa1a1c8','NewJeans ''Super Shy''',2,'669a147c-0f1f-4ccd-8c69-e0cbaf906358',7),
('2392876b-8745-474b-a537-c947cef7a0f9','Selamat Datang di Ujung Dunia',2,'e3ffc992-458e-4f89-b49b-d4df24f58ec4',5),

INSERT INTO EPISODE VALUES ('c530200d-e142-437f-9b1e-383e9eb61066','94fbb145-f819-49a8-ad01-79b040d36f68','interaksi diri.#berKata','kita banyak bicara sama orang tentang semua hal, tapi kita minim interaksi sama diri sendiri,
dan itu yang bikin kita jadi sering salah ngerti. dan di episode ini, aku kasih resep rahasianya.',8,'2024-01-26 00:00:00'),
	('3d671e8f-e8d5-4e1d-b5f0-d0641af22061','94fbb145-f819-49a8-ad01-79b040d36f68','biarkan tumbuh.#berKata','Growing up is hard, but it would be harder if we didn''t grow up at all. Cause this year i have 
encountered many things that have grown and changed into forms that may not be familiar, but 
have been a nice direction. And i think you should try it too.',10,'2023-12-15 00:00:00'),
	('a3606052-7db0-4661-b8b0-d55e1ff7d5b3','c361b55a-dc8d-46b6-8a97-93fa7df0a3ac','Agak Laen!Versi:Ke Amerika','S4E12. Komandan sudah kembali! Kami mau cerita gimana pilem kami bisa sampe negeri Tulang
Sam. Selamat menikmati, mauliate',59,'2024-03-23 00:00:00'),
	('df9db598-44d7-4a11-87f9-ff7ec173cbdf','c361b55a-dc8d-46b6-8a97-93fa7df0a3ac','Agak Laen!Versi:Numpang','S4E10. Mumpung lagi numpang di Studio ketua Bene sang tiktoker, kami mau cerita pengalaman
numpang kami. Selamat menikmati, Mauliate',65,'2024-03-09 00:00:00'),
	('7a2d1cc1-1129-41c1-b68c-5f31683f038f','c361b55a-dc8d-46b6-8a97-93fa7df0a3ac','Agak Laen!Versi: Penjaga Kos','S4E7. Ketua dan Komandan mau nostalgia cerita mereka jaman masih ngekos. Selamat
mendengarkan!',69,'2024-02-17 00:00:00'),
	('a19cd8dc-2e6e-4668-9bd7-80d8a7593681','829027cb-4eee-4435-88c2-fdefb5069ca0','Kalau Ada Yang Nanya Darto 
Ngejar Atau Engga, Ini Ngejar 
Banget Ya','S11E20 Drama bapak-bapak di era teknologi ini, ketika ngetik di whatsapp pake titik-titik, voice note 
sampe ada yang lupa bales, tau kan siapa dia? nih dengerin Masyarakat',18,'2024-03-28 00:00:00'),
	('104ab562-6140-4391-b092-80b8cde242f3','829027cb-4eee-4435-88c2-fdefb5069ca0','Big Match : Darto Si Ngeselin
VS Omesh Si Gamau Kalah','S11E17 Perkara bahas cincin ngakaknya sampe sakit perut, minimal apresiasi dulu ngapa To, jangan
dar der dor gini konsenya',20,'2024-03-18 00:00:00'),
	('d4c98212-4e95-424a-85f6-b38a6e43914e','292b474e-2c6c-48f3-95de-84ebf8bd14fb','Kangen Main DnD','Raditya Dika ngobrol bareng Pandu Winoto dan Rais Marasabessy tentang kangan dengan karakter
pertama main DnD',47,'2024-02-16 00:00:00'),
	('4d01e896-5d84-4897-9249-f905579e4b15','292b474e-2c6c-48f3-95de-84ebf8bd14fb','Bikin Podcast di Bandung','Raditya Dika ngobrol barang Rais Marasabessy tentang kenapa mereka ada di Bandung dan 
membahas Spotify Wrapped
',58,'2023-12-20 00:00:00'),
	('985e88d5-a0d5-41f2-a49e-5845698789e3','4900c472-2794-4ba8-8cb3-3dd03086fd68','Prinsip Negosiasi Penting dalam 
Dunia Kerja','Untuk bisa mendapatkan yang kita inginkan, namun berbenturan dengan apa yang diinginkan orang 
lain, kita perlu menerapkan prinsip negosiasi ini!',5,'2022-07-17 00:00:00');

INSERT INTO "SONG" ("id_konten","id_artist","id_album","total_play","total_download")
VALUES
('a65345df-b0d3-454b-acf0-122c97f0f1ae','3faaa98b-84cb-4c8e-b3b6-7d70e63ca07c','10919023-67a1-47bf-a16b-029b172c4707',5,1),
('d4af5b64-3bac-47d2-b18c-c635bd844fe6','3faaa98b-84cb-4c8e-b3b6-7d70e63ca07c','d7c62a6e-fdf1-4c6b-bde5-198a0b408bfc',5,1),
('5b282d63-8146-4af0-9ffb-d3609372a008','3faaa98b-84cb-4c8e-b3b6-7d70e63ca07c','900f9263-e7e1-4e78-8a25-ea40bafd3a12',4,1),
('bfb1d70d-1d30-463d-9631-79d7cd94644f','3faaa98b-84cb-4c8e-b3b6-7d70e63ca07c','9fab9727-56e9-470c-940f-7bfef35447d8',4,1),
('8041b7c9-af83-4c61-be8b-aa1198803b2b','3faaa98b-84cb-4c8e-b3b6-7d70e63ca07c','8c6a0b77-289b-4386-97c7-d3820aaf951e',4,1),
('cff0aaeb-57ad-4585-85f9-5a2b7b537fec','3faaa98b-84cb-4c8e-b3b6-7d70e63ca07c','d0702d4e-ba46-448b-a589-f9dac7d5bd5e',4,1),
('1ffe4bc3-9b0e-46ae-a4c7-3f49def72c74','3faaa98b-84cb-4c8e-b3b6-7d70e63ca07c','d321702c-71a4-4de3-9b84-63cd955093b7',4,1),
('2550eeed-ff38-4695-8d0e-5598e3f7746d','3faaa98b-84cb-4c8e-b3b6-7d70e63ca07c','d0e8457a-a05d-4b0d-b6a8-6e511c8a4504',4,1),
('bca44f1a-0ca5-4171-9b73-886ee784f6ea','3faaa98b-84cb-4c8e-b3b6-7d70e63ca07c','d4fb8faa-eab3-407d-bf9e-bef54e3537ea',4,1),
('f01020a2-1046-4def-8c8c-57f257935164','290709f2-8216-4be0-bdf4-a151ad0b0068','5830d510-688e-4f80-85f0-02b5ec2183b5',4,1),
('0069e974-fd2a-4214-8e1e-a42c6a87546b','7084acaf-1434-4503-abb5-17f5177dee0a','ff59c2ad-80fd-47c5-8ced-8bbd2b5869fe',4,0),
('c4049bcb-5504-4156-aff2-5c5bdd1a3761','fa6a81ca-017c-4ed5-88b4-d5fcae955dd4','ed78de20-c1d2-422c-b761-e3f83ffd930f',4,0),
('17cb6677-1739-4082-84ca-5e1ac39b83ad','7084acaf-1434-4503-abb5-17f5177dee0a','c7555a48-937d-49dd-8118-b45b9dca12d9',4,0),
('1ae47aa3-5cd3-4d71-b20b-4bfff920cea2','7084acaf-1434-4503-abb5-17f5177dee0a','16abf974-2c1f-46a2-8916-1448e7c1708e',4,0),
('ff975a2f-9d4f-4c54-938a-1f5f850b0b8a','7084acaf-1434-4503-abb5-17f5177dee0a','fc400394-ec71-4837-be5b-f5ea55a25aad',4,0),
('1e8020d7-a962-490b-8d4e-949b3e3244e9','7ed1406f-5cea-4382-bfd6-7d75e1f6b86d','afc86510-76ae-4546-8897-c150ec4af1c1',4,0),
('8868a7ff-d1be-4ace-a0de-f3b2050023a7','7ed1406f-5cea-4382-bfd6-7d75e1f6b86d','c3bd812d-7ae4-48f7-b232-b62ca2821195',4,0),
('5eb93ec5-319c-40db-9912-86d6263ee73f','7ed1406f-5cea-4382-bfd6-7d75e1f6b86d','88b91c45-64f0-4d1a-a9de-f0f2face79a8',4,0),
('f34496a3-1eef-4141-bbd7-5ea8abbfb412','7ed1406f-5cea-4382-bfd6-7d75e1f6b86d','ee202a17-fd4d-40ac-9e48-8a6cc7016814',4,0),
('a4ba7411-5790-49c9-b397-8d940c12c40e','7ed1406f-5cea-4382-bfd6-7d75e1f6b86d','cfeca246-c601-48ca-8180-18d5a1883dce',4,0),
('8ba569dc-0e5e-4961-bc97-b2fc2f551a05','7ed1406f-5cea-4382-bfd6-7d75e1f6b86d','338299ac-01cd-4895-a182-6b1919f1db77',3,0),
('8b742b3e-2e52-4d3d-917b-4a8edc68cc5c','6bcb10dc-d8b0-4f68-88c6-4bafeb8e3ef9','113c8582-87ea-4324-98fb-214589ead4d9',3,0),
('41056f89-f00b-41a8-b3e3-75d726bd3cdf','6bcb10dc-d8b0-4f68-88c6-4bafeb8e3ef9','f6a6f38b-a198-4b69-8e12-3b785a8c3c0e',3,0),
('d6b564ab-982f-4681-8a89-96081c53822f','6bcb10dc-d8b0-4f68-88c6-4bafeb8e3ef9','09b2d301-6e34-4c82-b695-5dee2f06d1dd',3,0),
('02180e51-54a3-4c51-8d7c-f08bdec8bb00','6bcb10dc-d8b0-4f68-88c6-4bafeb8e3ef9','9a2b00b1-878c-4444-ab84-6ab638daa3ff',3,0),
('ebccf8ce-97bf-4c1f-8d50-6fe33c64c5b0','ea872fe6-53f6-4c81-93e7-9655d19c9298','d6477faf-75ee-4d82-8d7b-7e5bb0475db7',3,0),
('2e081fba-b234-4eec-8ba8-0fbefa212fe6','ea872fe6-53f6-4c81-93e7-9655d19c9298','a68c8d48-c7ea-4d13-ab1c-9d324fa1a1c8',0,0),
('5f695c06-564f-4ba6-9057-a149f2e81b74','ea872fe6-53f6-4c81-93e7-9655d19c9298','2392876b-8745-474b-a537-c947cef7a0f9',0,0),
('ff914af6-628a-48b1-9d93-2b7d57354c76','ea872fe6-53f6-4c81-93e7-9655d19c9298','10919023-67a1-47bf-a16b-029b172c4707',0,0),
('ddb50e99-0653-4278-832e-af79b50aed6e','e4a7fd65-0324-4aa0-adcd-52cb236ba5ff','d7c62a6e-fdf1-4c6b-bde5-198a0b408bfc',0,0),
('4242523d-6d14-4efd-bb6e-6db097549a88','e4a7fd65-0324-4aa0-adcd-52cb236ba5ff','900f9263-e7e1-4e78-8a25-ea40bafd3a12',0,0),
('195966b4-88d5-41b0-9634-8a6951270dbf','e4a7fd65-0324-4aa0-adcd-52cb236ba5ff','9fab9727-56e9-470c-940f-7bfef35447d8',0,0),
('bfc49895-4e1f-43ee-966f-be88b4ad915c','e4a7fd65-0324-4aa0-adcd-52cb236ba5ff','8c6a0b77-289b-4386-97c7-d3820aaf951e',0,0),
('b9173dd8-5219-4900-b3de-e3841ec76abd','7bd560ce-b6e7-4a9c-86d4-9343e1587afc','d0702d4e-ba46-448b-a589-f9dac7d5bd5e',0,0),
('67abec76-8b5b-4f7c-a3fb-48178adc2dad','7bd560ce-b6e7-4a9c-86d4-9343e1587afc','d321702c-71a4-4de3-9b84-63cd955093b7',0,0),
('8baf1da1-ae80-484f-9881-7e3877cecadf','7bd560ce-b6e7-4a9c-86d4-9343e1587afc','d0e8457a-a05d-4b0d-b6a8-6e511c8a4504',0,0),
('fe70428a-349d-4353-a0a2-761a4806d913','7bd560ce-b6e7-4a9c-86d4-9343e1587afc','d4fb8faa-eab3-407d-bf9e-bef54e3537ea',0,0),
('d0c91949-8127-4ed0-a3e9-66d0480dba30','b6c6eaee-8c3e-40ee-ab29-f63dad25e90d','5830d510-688e-4f80-85f0-02b5ec2183b5',0,0),
('1b3f21aa-bb46-4c31-bada-46bb863605d9','b6c6eaee-8c3e-40ee-ab29-f63dad25e90d','ff59c2ad-80fd-47c5-8ced-8bbd2b5869fe',0,0),
('37b4ae2a-c41c-4d51-9cee-e1658b7158b5','b6c6eaee-8c3e-40ee-ab29-f63dad25e90d','ed78de20-c1d2-422c-b761-e3f83ffd930f',0,0),
('28e9e354-7516-458f-9486-f05b6de8e5a5','b6c6eaee-8c3e-40ee-ab29-f63dad25e90d','c7555a48-937d-49dd-8118-b45b9dca12d9',0,0),
('849d96e7-d0e6-4622-9e76-910f95282fe7','c5010b17-24f4-4cef-9cf1-0c57dc1e9ff6','16abf974-2c1f-46a2-8916-1448e7c1708e',0,0),
('b8b85e2d-e15c-4164-93ca-95d3a19065e3','c5010b17-24f4-4cef-9cf1-0c57dc1e9ff6','fc400394-ec71-4837-be5b-f5ea55a25aad',0,0),
('479eb7f8-3fd8-44d6-83a2-21b4b9f1e6aa','c5010b17-24f4-4cef-9cf1-0c57dc1e9ff6','afc86510-76ae-4546-8897-c150ec4af1c1',0,0),
('f8849fd1-ad68-40e0-b4c4-59f2c0b30c00','c5010b17-24f4-4cef-9cf1-0c57dc1e9ff6','c3bd812d-7ae4-48f7-b232-b62ca2821195',0,0),
('09a0dce7-b7c7-442e-92ae-19efc8e0ff2d','c5010b17-24f4-4cef-9cf1-0c57dc1e9ff6','88b91c45-64f0-4d1a-a9de-f0f2face79a8',0,0),
('73b0d63e-60b9-4200-8d29-61e6c0703131','5f58384f-aff8-40c1-bdb9-a04f260260a1','ee202a17-fd4d-40ac-9e48-8a6cc7016814',0,0),
('b071f7ce-8175-42be-89bf-872ddd085fae','5f58384f-aff8-40c1-bdb9-a04f260260a1','cfeca246-c601-48ca-8180-18d5a1883dce',0,0),
('6d1db724-e442-4112-89e1-bd4c0eba7121','9b92f1ad-c544-4183-85d7-b6cbf3d71fce','338299ac-01cd-4895-a182-6b1919f1db77',0,0),
('2d7cbf51-35c8-49e9-bef9-af36449bc00f','93bf77b1-7605-4646-b9d1-a62a8ec2548e','113c8582-87ea-4324-98fb-214589ead4d9',0,0),
('7bb29c3c-1002-4da5-9c33-4acef03d2b95','ef8df2db-9d36-4a32-8e5f-047dd4e0de37','f6a6f38b-a198-4b69-8e12-3b785a8c3c0e',0,0),
('19612ad1-f12c-4f27-bed6-7aa80d774794','ef8df2db-9d36-4a32-8e5f-047dd4e0de37','09b2d301-6e34-4c82-b695-5dee2f06d1dd',0,0),
('172f3b2a-02e0-4951-8164-80868f77da57','ef8df2db-9d36-4a32-8e5f-047dd4e0de37','9a2b00b1-878c-4444-ab84-6ab638daa3ff',0,0),
('318128b6-1b89-4309-9964-f7917267b24f','ef8df2db-9d36-4a32-8e5f-047dd4e0de37','d6477faf-75ee-4d82-8d7b-7e5bb0475db7',0,0),
('ca97c11b-e128-4634-88a1-829bad2a308d','ef8df2db-9d36-4a32-8e5f-047dd4e0de37','a68c8d48-c7ea-4d13-ab1c-9d324fa1a1c8',0,0),
('82e0800a-2bcf-4fd4-b3e4-8fdd4a816f80','ef8df2db-9d36-4a32-8e5f-047dd4e0de37','2392876b-8745-474b-a537-c947cef7a0f9',0,0),
('b4a0fb67-a893-42a9-a00e-406913fa1f53','ef8df2db-9d36-4a32-8e5f-047dd4e0de37','10919023-67a1-47bf-a16b-029b172c4707',0,0),
('1c51e2c7-14fa-4906-8735-9331d4c12ce0','ef8df2db-9d36-4a32-8e5f-047dd4e0de37','d7c62a6e-fdf1-4c6b-bde5-198a0b408bfc',0,0),
('5c804e41-0fca-4c96-9900-06dd940d6400','ef8df2db-9d36-4a32-8e5f-047dd4e0de37','900f9263-e7e1-4e78-8a25-ea40bafd3a12',0,0),
('bc1e3e0d-ccc5-40fe-900c-cd827f0e0f6e','ef8df2db-9d36-4a32-8e5f-047dd4e0de37','9fab9727-56e9-470c-940f-7bfef35447d8',0,0),
('5b0ca1bf-87d9-4b74-992b-e4d514e13b90','ef8df2db-9d36-4a32-8e5f-047dd4e0de37','8c6a0b77-289b-4386-97c7-d3820aaf951e',0,0),
('b94a3542-57a8-45fc-93b7-86c14ea676b3','ef8df2db-9d36-4a32-8e5f-047dd4e0de37','d0702d4e-ba46-448b-a589-f9dac7d5bd5e',0,0),
('c649beb1-0f35-4a31-b7d7-5e26d7ef5433','ef8df2db-9d36-4a32-8e5f-047dd4e0de37','d321702c-71a4-4de3-9b84-63cd955093b7',0,0),
('1d0e54a8-ebd4-4d68-9dfa-e91bb4a060ed','ef8df2db-9d36-4a32-8e5f-047dd4e0de37','d0e8457a-a05d-4b0d-b6a8-6e511c8a4504',0,0),
('7bab316a-2663-4875-a085-dd132f97a77e','ef8df2db-9d36-4a32-8e5f-047dd4e0de37','d4fb8faa-eab3-407d-bf9e-bef54e3537ea',0,0),
('6e16d494-4a47-44e6-9166-9eb5105b2cb9','ef8df2db-9d36-4a32-8e5f-047dd4e0de37','5830d510-688e-4f80-85f0-02b5ec2183b5',0,0),
('71666064-8bd7-46de-9470-4707a1fa980d','ef8df2db-9d36-4a32-8e5f-047dd4e0de37','ff59c2ad-80fd-47c5-8ced-8bbd2b5869fe',0,0),
('4423a438-ad9c-490c-8066-cafd27274067','ef8df2db-9d36-4a32-8e5f-047dd4e0de37','ed78de20-c1d2-422c-b761-e3f83ffd930f',0,0),
('929a4c7e-4c89-4fc9-885a-46e8257a6a22','57036ef8-83f6-48f7-b1d6-315923caacc3','c7555a48-937d-49dd-8118-b45b9dca12d9',0,0),
('e2b909d7-b8a4-4ef5-81e0-bf85f3da5a7a','57036ef8-83f6-48f7-b1d6-315923caacc3','16abf974-2c1f-46a2-8916-1448e7c1708e',0,0),
('e4b3bf63-d722-4349-8dd8-b61603538a36','57036ef8-83f6-48f7-b1d6-315923caacc3','fc400394-ec71-4837-be5b-f5ea55a25aad',0,0),
('b7f0a083-dcd3-4c40-a25a-e184ec2cdc36','57036ef8-83f6-48f7-b1d6-315923caacc3','afc86510-76ae-4546-8897-c150ec4af1c1',0,0),
('0b03bca1-8666-4de0-8701-8d88d59ada83','57036ef8-83f6-48f7-b1d6-315923caacc3','c3bd812d-7ae4-48f7-b232-b62ca2821195',0,0),
('87d4dc84-272e-4e74-bcf3-196df3e5d5a7','57036ef8-83f6-48f7-b1d6-315923caacc3','88b91c45-64f0-4d1a-a9de-f0f2face79a8',0,0),
('0bd1d807-a6e4-4792-b22f-d10c0e3ae61b','57036ef8-83f6-48f7-b1d6-315923caacc3','ee202a17-fd4d-40ac-9e48-8a6cc7016814',0,0),
('e83e0440-70ea-41bd-8524-564e620f527a','57036ef8-83f6-48f7-b1d6-315923caacc3','cfeca246-c601-48ca-8180-18d5a1883dce',0,0),
('70763e28-0aca-4327-a2a6-beac8600d4b6','57036ef8-83f6-48f7-b1d6-315923caacc3','338299ac-01cd-4895-a182-6b1919f1db77',0,0);

INSERT INTO "ROYALTI" ("id_pemilik_hak_cipta","id_song","jumlah")
VALUES
('410c9c4d-5fc8-4873-8106-6773a03f07cd','a65345df-b0d3-454b-acf0-122c97f0f1ae',120),
('410c9c4d-5fc8-4873-8106-6773a03f07cd','d4af5b64-3bac-47d2-b18c-c635bd844fe6',120),
('410c9c4d-5fc8-4873-8106-6773a03f07cd','5b282d63-8146-4af0-9ffb-d3609372a008',100),
('410c9c4d-5fc8-4873-8106-6773a03f07cd','bfb1d70d-1d30-463d-9631-79d7cd94644f',100),
('410c9c4d-5fc8-4873-8106-6773a03f07cd','8041b7c9-af83-4c61-be8b-aa1198803b2b',100),
('410c9c4d-5fc8-4873-8106-6773a03f07cd','cff0aaeb-57ad-4585-85f9-5a2b7b537fec',100),
('410c9c4d-5fc8-4873-8106-6773a03f07cd','1ffe4bc3-9b0e-46ae-a4c7-3f49def72c74',100),
('410c9c4d-5fc8-4873-8106-6773a03f07cd','2550eeed-ff38-4695-8d0e-5598e3f7746d',100),
('410c9c4d-5fc8-4873-8106-6773a03f07cd','bca44f1a-0ca5-4171-9b73-886ee784f6ea',100),
('d4325037-6a3c-471b-8e31-e5db2630d773','1e8020d7-a962-490b-8d4e-949b3e3244e9',160),
('d4325037-6a3c-471b-8e31-e5db2630d773','8868a7ff-d1be-4ace-a0de-f3b2050023a7',160),
('d4325037-6a3c-471b-8e31-e5db2630d773','5eb93ec5-319c-40db-9912-86d6263ee73f',160),
('d4325037-6a3c-471b-8e31-e5db2630d773','f34496a3-1eef-4141-bbd7-5ea8abbfb412',160),
('d4325037-6a3c-471b-8e31-e5db2630d773','a4ba7411-5790-49c9-b397-8d940c12c40e',160),
('d4325037-6a3c-471b-8e31-e5db2630d773','8ba569dc-0e5e-4961-bc97-b2fc2f551a05',120),
('0e204ecb-d646-4653-ac2e-576cd62a5249','7bb29c3c-1002-4da5-9c33-4acef03d2b95',0),
('0e204ecb-d646-4653-ac2e-576cd62a5249','19612ad1-f12c-4f27-bed6-7aa80d774794',0),
('0e204ecb-d646-4653-ac2e-576cd62a5249','172f3b2a-02e0-4951-8164-80868f77da57',0),
('0e204ecb-d646-4653-ac2e-576cd62a5249','318128b6-1b89-4309-9964-f7917267b24f',0),
('0e204ecb-d646-4653-ac2e-576cd62a5249','ca97c11b-e128-4634-88a1-829bad2a308d',0),
('0e204ecb-d646-4653-ac2e-576cd62a5249','82e0800a-2bcf-4fd4-b3e4-8fdd4a816f80',0),
('0e204ecb-d646-4653-ac2e-576cd62a5249','b4a0fb67-a893-42a9-a00e-406913fa1f53',0),
('0e204ecb-d646-4653-ac2e-576cd62a5249','1c51e2c7-14fa-4906-8735-9331d4c12ce0',0),
('0e204ecb-d646-4653-ac2e-576cd62a5249','5c804e41-0fca-4c96-9900-06dd940d6400',0),
('0e204ecb-d646-4653-ac2e-576cd62a5249','bc1e3e0d-ccc5-40fe-900c-cd827f0e0f6e',0),
('0e204ecb-d646-4653-ac2e-576cd62a5249','5b0ca1bf-87d9-4b74-992b-e4d514e13b90',0),
('0e204ecb-d646-4653-ac2e-576cd62a5249','b94a3542-57a8-45fc-93b7-86c14ea676b3',0),
('0e204ecb-d646-4653-ac2e-576cd62a5249','c649beb1-0f35-4a31-b7d7-5e26d7ef5433',0),
('0e204ecb-d646-4653-ac2e-576cd62a5249','1d0e54a8-ebd4-4d68-9dfa-e91bb4a060ed',0),
('0e204ecb-d646-4653-ac2e-576cd62a5249','7bab316a-2663-4875-a085-dd132f97a77e',0),
('0e204ecb-d646-4653-ac2e-576cd62a5249','6e16d494-4a47-44e6-9166-9eb5105b2cb9',0),
('0e204ecb-d646-4653-ac2e-576cd62a5249','71666064-8bd7-46de-9470-4707a1fa980d',0),
('0e204ecb-d646-4653-ac2e-576cd62a5249','4423a438-ad9c-490c-8066-cafd27274067',0);

INSERT INTO "SONGWRITER_WRITE_SONG" ("id_songwriter","id_song")
VALUES
('5fb4ee61-122e-497c-a4c2-123f621fc6f8','a65345df-b0d3-454b-acf0-122c97f0f1ae'),
('8543fae2-0ada-4c18-b61e-92d06e6bd007','d4af5b64-3bac-47d2-b18c-c635bd844fe6'),
('d1336dc6-9c79-468b-a2b3-fc3d81125d47','5b282d63-8146-4af0-9ffb-d3609372a008'),
('7b25fba8-5c97-49eb-b212-06d3386ac555','bfb1d70d-1d30-463d-9631-79d7cd94644f'),
('1d262047-63b6-41a4-9867-84eb35617194','8041b7c9-af83-4c61-be8b-aa1198803b2b'),
('7f7642d7-5465-46fc-874f-83d182070337','cff0aaeb-57ad-4585-85f9-5a2b7b537fec'),
('4ec008a4-85ce-47aa-bcd7-dd5f29c60010','1ffe4bc3-9b0e-46ae-a4c7-3f49def72c74'),
('acafb386-5db0-44a1-b31e-28cbb568e661','2550eeed-ff38-4695-8d0e-5598e3f7746d'),
('f8a0f096-46cc-40af-9c05-747afcc9fdb2','bca44f1a-0ca5-4171-9b73-886ee784f6ea'),
('9b6d27d8-effc-4986-a0e3-9ba9100d50f9','f01020a2-1046-4def-8c8c-57f257935164'),
('5fb4ee61-122e-497c-a4c2-123f621fc6f8','0069e974-fd2a-4214-8e1e-a42c6a87546b'),
('8543fae2-0ada-4c18-b61e-92d06e6bd007','c4049bcb-5504-4156-aff2-5c5bdd1a3761'),
('d1336dc6-9c79-468b-a2b3-fc3d81125d47','17cb6677-1739-4082-84ca-5e1ac39b83ad'),
('7b25fba8-5c97-49eb-b212-06d3386ac555','1ae47aa3-5cd3-4d71-b20b-4bfff920cea2'),
('1d262047-63b6-41a4-9867-84eb35617194','ff975a2f-9d4f-4c54-938a-1f5f850b0b8a'),
('7f7642d7-5465-46fc-874f-83d182070337','1e8020d7-a962-490b-8d4e-949b3e3244e9'),
('4ec008a4-85ce-47aa-bcd7-dd5f29c60010','8868a7ff-d1be-4ace-a0de-f3b2050023a7'),
('acafb386-5db0-44a1-b31e-28cbb568e661','5eb93ec5-319c-40db-9912-86d6263ee73f'),
('f8a0f096-46cc-40af-9c05-747afcc9fdb2','f34496a3-1eef-4141-bbd7-5ea8abbfb412'),
('9b6d27d8-effc-4986-a0e3-9ba9100d50f9','a4ba7411-5790-49c9-b397-8d940c12c40e'),
('5fb4ee61-122e-497c-a4c2-123f621fc6f8','8ba569dc-0e5e-4961-bc97-b2fc2f551a05'),
('8543fae2-0ada-4c18-b61e-92d06e6bd007','8b742b3e-2e52-4d3d-917b-4a8edc68cc5c'),
('d1336dc6-9c79-468b-a2b3-fc3d81125d47','41056f89-f00b-41a8-b3e3-75d726bd3cdf'),
('7b25fba8-5c97-49eb-b212-06d3386ac555','d6b564ab-982f-4681-8a89-96081c53822f'),
('1d262047-63b6-41a4-9867-84eb35617194','02180e51-54a3-4c51-8d7c-f08bdec8bb00'),
('7f7642d7-5465-46fc-874f-83d182070337','ebccf8ce-97bf-4c1f-8d50-6fe33c64c5b0'),
('4ec008a4-85ce-47aa-bcd7-dd5f29c60010','2e081fba-b234-4eec-8ba8-0fbefa212fe6'),
('acafb386-5db0-44a1-b31e-28cbb568e661','5f695c06-564f-4ba6-9057-a149f2e81b74'),
('f8a0f096-46cc-40af-9c05-747afcc9fdb2','ff914af6-628a-48b1-9d93-2b7d57354c76'),
('9b6d27d8-effc-4986-a0e3-9ba9100d50f9','ddb50e99-0653-4278-832e-af79b50aed6e'),
('5fb4ee61-122e-497c-a4c2-123f621fc6f8','4242523d-6d14-4efd-bb6e-6db097549a88'),
('8543fae2-0ada-4c18-b61e-92d06e6bd007','195966b4-88d5-41b0-9634-8a6951270dbf'),
('d1336dc6-9c79-468b-a2b3-fc3d81125d47','bfc49895-4e1f-43ee-966f-be88b4ad915c'),
('7b25fba8-5c97-49eb-b212-06d3386ac555','b9173dd8-5219-4900-b3de-e3841ec76abd'),
('1d262047-63b6-41a4-9867-84eb35617194','67abec76-8b5b-4f7c-a3fb-48178adc2dad'),
('7f7642d7-5465-46fc-874f-83d182070337','8baf1da1-ae80-484f-9881-7e3877cecadf'),
('4ec008a4-85ce-47aa-bcd7-dd5f29c60010','fe70428a-349d-4353-a0a2-761a4806d913'),
('acafb386-5db0-44a1-b31e-28cbb568e661','d0c91949-8127-4ed0-a3e9-66d0480dba30'),
('f8a0f096-46cc-40af-9c05-747afcc9fdb2','1b3f21aa-bb46-4c31-bada-46bb863605d9'),
('9b6d27d8-effc-4986-a0e3-9ba9100d50f9','37b4ae2a-c41c-4d51-9cee-e1658b7158b5'),
('5fb4ee61-122e-497c-a4c2-123f621fc6f8','28e9e354-7516-458f-9486-f05b6de8e5a5'),
('8543fae2-0ada-4c18-b61e-92d06e6bd007','849d96e7-d0e6-4622-9e76-910f95282fe7'),
('d1336dc6-9c79-468b-a2b3-fc3d81125d47','b8b85e2d-e15c-4164-93ca-95d3a19065e3'),
('7b25fba8-5c97-49eb-b212-06d3386ac555','479eb7f8-3fd8-44d6-83a2-21b4b9f1e6aa'),
('1d262047-63b6-41a4-9867-84eb35617194','f8849fd1-ad68-40e0-b4c4-59f2c0b30c00'),
('7f7642d7-5465-46fc-874f-83d182070337','09a0dce7-b7c7-442e-92ae-19efc8e0ff2d'),
('4ec008a4-85ce-47aa-bcd7-dd5f29c60010','73b0d63e-60b9-4200-8d29-61e6c0703131'),
('acafb386-5db0-44a1-b31e-28cbb568e661','b071f7ce-8175-42be-89bf-872ddd085fae'),
('f8a0f096-46cc-40af-9c05-747afcc9fdb2','6d1db724-e442-4112-89e1-bd4c0eba7121'),
('9b6d27d8-effc-4986-a0e3-9ba9100d50f9','2d7cbf51-35c8-49e9-bef9-af36449bc00f'),
('5fb4ee61-122e-497c-a4c2-123f621fc6f8','94fbb145-f819-49a8-ad01-79b040d36f68'),
('8543fae2-0ada-4c18-b61e-92d06e6bd007','4900c472-2794-4ba8-8cb3-3dd03086fd68'),
('d1336dc6-9c79-468b-a2b3-fc3d81125d47','292b474e-2c6c-48f3-95de-84ebf8bd14fb'),
('7b25fba8-5c97-49eb-b212-06d3386ac555','c361b55a-dc8d-46b6-8a97-93fa7df0a3ac'),
('1d262047-63b6-41a4-9867-84eb35617194','829027cb-4eee-4435-88c2-fdefb5069ca0'),
('7f7642d7-5465-46fc-874f-83d182070337','7bb29c3c-1002-4da5-9c33-4acef03d2b95'),
('4ec008a4-85ce-47aa-bcd7-dd5f29c60010','19612ad1-f12c-4f27-bed6-7aa80d774794'),
('acafb386-5db0-44a1-b31e-28cbb568e661','172f3b2a-02e0-4951-8164-80868f77da57'),
('f8a0f096-46cc-40af-9c05-747afcc9fdb2','318128b6-1b89-4309-9964-f7917267b24f'),
('9b6d27d8-effc-4986-a0e3-9ba9100d50f9','ca97c11b-e128-4634-88a1-829bad2a308d');

INSERT INTO "DOWNLOADED_SONG" ("id_song","email_downloader")
VALUES
('a65345df-b0d3-454b-acf0-122c97f0f1ae','usermarmut10@gmail.com'),
('d4af5b64-3bac-47d2-b18c-c635bd844fe6','usermarmut11@gmail.com'),
('5b282d63-8146-4af0-9ffb-d3609372a008','usermarmut12@gmail.com'),
('bfb1d70d-1d30-463d-9631-79d7cd94644f','usermarmut19@gmail.com'),
('8041b7c9-af83-4c61-be8b-aa1198803b2b','usermarmut20@gmail.com'),
('cff0aaeb-57ad-4585-85f9-5a2b7b537fec','usermarmut21@gmail.com'),
('1ffe4bc3-9b0e-46ae-a4c7-3f49def72c74','olivia_rodrigo_artist@gmail.com'),
('2550eeed-ff38-4695-8d0e-5598e3f7746d','kla_project_artist@gmail.com'),
('bca44f1a-0ca5-4171-9b73-886ee784f6ea','jkt_48_artist@gmail.com'),
('f01020a2-1046-4def-8c8c-57f257935164','blackpink_artist@gmail.com');

INSERT INTO "AKUN_PLAY_SONG" ("email_pemain","id_song","waktu")
VALUES
('usermarmut1@gmail.com','8ba569dc-0e5e-4961-bc97-b2fc2f551a05','2024-01-01 00:00:00'''),
('usermarmut2@gmail.com','8b742b3e-2e52-4d3d-917b-4a8edc68cc5c','2024-01-08 12:34:56'''),
('usermarmut3@gmail.com','41056f89-f00b-41a8-b3e3-75d726bd3cdf','2024-01-15 01:23:45'''),
('usermarmut4@gmail.com','d6b564ab-982f-4681-8a89-96081c53822f','2024-01-22 11:11:11'''),
('usermarmut5@gmail.com','02180e51-54a3-4c51-8d7c-f08bdec8bb00','2024-01-29 21:09:08'''),
('usermarmut6@gmail.com','ebccf8ce-97bf-4c1f-8d50-6fe33c64c5b0','2024-02-05 10:00:00'''),
('usermarmut7@gmail.com','8ba569dc-0e5e-4961-bc97-b2fc2f551a05','2024-02-12 20:20:20'''),
('usermarmut8@gmail.com','8b742b3e-2e52-4d3d-917b-4a8edc68cc5c','2024-02-19 09:30:40'''),
('usermarmut9@gmail.com','41056f89-f00b-41a8-b3e3-75d726bd3cdf','2024-02-26 18:45:50'''),
('usermarmut10@gmail.com','d6b564ab-982f-4681-8a89-96081c53822f','2024-03-04 03:33:33'''),
('usermarmut11@gmail.com','02180e51-54a3-4c51-8d7c-f08bdec8bb00','2024-03-11 14:15:16'''),
('usermarmut12@gmail.com','ebccf8ce-97bf-4c1f-8d50-6fe33c64c5b0','2024-03-18 23:59:59'''),
('usermarmut13@gmail.com','8ba569dc-0e5e-4961-bc97-b2fc2f551a05','2024-03-25 08:45:00'''),
('usermarmut14@gmail.com','8b742b3e-2e52-4d3d-917b-4a8edc68cc5c','2024-04-01 19:20:30'''),
('usermarmut15@gmail.com','41056f89-f00b-41a8-b3e3-75d726bd3cdf','2024-04-08 04:56:12'''),
('usermarmut16@gmail.com','d6b564ab-982f-4681-8a89-96081c53822f','2024-01-01 00:00:00'''),
('usermarmut17@gmail.com','02180e51-54a3-4c51-8d7c-f08bdec8bb00','2024-01-08 12:34:56'''),
('usermarmut18@gmail.com','ebccf8ce-97bf-4c1f-8d50-6fe33c64c5b0','2024-01-15 01:23:45'''),
('usermarmut19@gmail.com','a65345df-b0d3-454b-acf0-122c97f0f1ae','2024-01-22 11:11:11'''),
('usermarmut20@gmail.com','d4af5b64-3bac-47d2-b18c-c635bd844fe6','2024-01-29 21:09:08'''),
('usermarmut21@gmail.com','5b282d63-8146-4af0-9ffb-d3609372a008','2024-02-05 10:00:00'''),
('usermarmut22@gmail.com','bfb1d70d-1d30-463d-9631-79d7cd94644f','2024-02-12 20:20:20'''),
('usermarmut23@gmail.com','8041b7c9-af83-4c61-be8b-aa1198803b2b','2024-02-19 09:30:40'''),
('usermarmut24@gmail.com','cff0aaeb-57ad-4585-85f9-5a2b7b537fec','2024-02-26 18:45:50'''),
('usermarmut25@gmail.com','1ffe4bc3-9b0e-46ae-a4c7-3f49def72c74','2024-03-04 03:33:33'''),
('usermarmut26@gmail.com','2550eeed-ff38-4695-8d0e-5598e3f7746d','2024-03-11 14:15:16'''),
('usermarmut27@gmail.com','bca44f1a-0ca5-4171-9b73-886ee784f6ea','2024-03-18 23:59:59'''),
('bring_me_the_horizon_artist@gmail.com','f01020a2-1046-4def-8c8c-57f257935164','2024-03-25 08:45:00'''),
('linkin_park_artist@gmail.com','0069e974-fd2a-4214-8e1e-a42c6a87546b','2024-04-01 19:20:30'''),
('niki_artist@gmail.com','c4049bcb-5504-4156-aff2-5c5bdd1a3761','2024-04-08 04:56:12'''),
('vierratale_artist@gmail.com','17cb6677-1739-4082-84ca-5e1ac39b83ad','2024-01-01 00:00:00'''),
('dewa_19_artist@gmail.com','1ae47aa3-5cd3-4d71-b20b-4bfff920cea2','2024-01-08 12:34:56'''),
('kla_project_artist@gmail.com','ff975a2f-9d4f-4c54-938a-1f5f850b0b8a','2024-01-15 01:23:45'''),
('rich_brian_artist@gmail.com','1e8020d7-a962-490b-8d4e-949b3e3244e9','2024-01-22 11:11:11'''),
('avenged_sevenfold_artist@gmail.com','8868a7ff-d1be-4ace-a0de-f3b2050023a7','2024-01-29 21:09:08'''),
('green_day_artist@gmail.com','5eb93ec5-319c-40db-9912-86d6263ee73f','2024-02-05 10:00:00'''),
('my_chemical_romance_artist@gmail.com','f34496a3-1eef-4141-bbd7-5ea8abbfb412','2024-02-12 20:20:20'''),
('reality_club_artist@gmail.com','a4ba7411-5790-49c9-b397-8d940c12c40e','2024-02-19 09:30:40'''),
('hindia_artist@gmail.com','a65345df-b0d3-454b-acf0-122c97f0f1ae','2024-02-26 18:45:50'''),
('henry_moodie_artist@gmail.com','d4af5b64-3bac-47d2-b18c-c635bd844fe6','2024-03-04 03:33:33'''),
('bruno_major_artist@gmail.com','5b282d63-8146-4af0-9ffb-d3609372a008','2024-03-11 14:15:16'''),
('nick_jonas_artist@gmail.com','bfb1d70d-1d30-463d-9631-79d7cd94644f','2024-03-18 23:59:59'''),
('jkt_48_artist@gmail.com','8041b7c9-af83-4c61-be8b-aa1198803b2b','2024-03-25 08:45:00'''),
('iu_artist@gmail.com','cff0aaeb-57ad-4585-85f9-5a2b7b537fec','2024-04-01 19:20:30'''),
('blackpink_artist@gmail.com','1ffe4bc3-9b0e-46ae-a4c7-3f49def72c74','2024-04-08 04:56:12'''),
('olivia_rodrigo_artist@gmail.com','2550eeed-ff38-4695-8d0e-5598e3f7746d','2024-01-01 00:00:00'''),
('taylor_swift_artist@gmail.com','bca44f1a-0ca5-4171-9b73-886ee784f6ea','2024-01-08 12:34:56'''),
('new_jeans_artist@gmail.com','f01020a2-1046-4def-8c8c-57f257935164','2024-01-15 01:23:45'''),
('lomba_sihir_artist@gmail.com','0069e974-fd2a-4214-8e1e-a42c6a87546b','2024-01-22 11:11:11'''),
('.feast_artist@gmail.com','c4049bcb-5504-4156-aff2-5c5bdd1a3761','2024-01-29 21:09:08'''),
('usermarmut1@gmail.com','17cb6677-1739-4082-84ca-5e1ac39b83ad','2024-02-05 10:00:00'''),
('usermarmut2@gmail.com','1ae47aa3-5cd3-4d71-b20b-4bfff920cea2','2024-02-12 20:20:20'''),
('usermarmut3@gmail.com','ff975a2f-9d4f-4c54-938a-1f5f850b0b8a','2024-02-19 09:30:40'''),
('usermarmut4@gmail.com','1e8020d7-a962-490b-8d4e-949b3e3244e9','2024-02-26 18:45:50'''),
('usermarmut5@gmail.com','8868a7ff-d1be-4ace-a0de-f3b2050023a7','2024-03-04 03:33:33'''),
('usermarmut6@gmail.com','5eb93ec5-319c-40db-9912-86d6263ee73f','2024-03-11 14:15:16'''),
('usermarmut7@gmail.com','f34496a3-1eef-4141-bbd7-5ea8abbfb412','2024-03-18 23:59:59'''),
('usermarmut8@gmail.com','a4ba7411-5790-49c9-b397-8d940c12c40e','2024-03-25 08:45:00'''),
('usermarmut9@gmail.com','a65345df-b0d3-454b-acf0-122c97f0f1ae','2024-04-01 19:20:30'''),
('usermarmut10@gmail.com','d4af5b64-3bac-47d2-b18c-c635bd844fe6','2024-04-08 04:56:12'''),
('usermarmut11@gmail.com','5b282d63-8146-4af0-9ffb-d3609372a008','2024-01-01 00:00:00'''),
('usermarmut12@gmail.com','bfb1d70d-1d30-463d-9631-79d7cd94644f','2024-01-08 12:34:56'''),
('usermarmut13@gmail.com','8041b7c9-af83-4c61-be8b-aa1198803b2b','2024-01-15 01:23:45'''),
('usermarmut14@gmail.com','cff0aaeb-57ad-4585-85f9-5a2b7b537fec','2024-01-22 11:11:11'''),
('usermarmut15@gmail.com','1ffe4bc3-9b0e-46ae-a4c7-3f49def72c74','2024-01-29 21:09:08'''),
('usermarmut16@gmail.com','2550eeed-ff38-4695-8d0e-5598e3f7746d','2024-02-05 10:00:00'''),
('usermarmut17@gmail.com','bca44f1a-0ca5-4171-9b73-886ee784f6ea','2024-02-12 20:20:20'''),
('usermarmut18@gmail.com','f01020a2-1046-4def-8c8c-57f257935164','2024-02-19 09:30:40'''),
('usermarmut19@gmail.com','0069e974-fd2a-4214-8e1e-a42c6a87546b','2024-02-26 18:45:50'''),
('usermarmut20@gmail.com','c4049bcb-5504-4156-aff2-5c5bdd1a3761','2024-03-04 03:33:33'''),
('usermarmut21@gmail.com','17cb6677-1739-4082-84ca-5e1ac39b83ad','2024-03-11 14:15:16'''),
('usermarmut22@gmail.com','1ae47aa3-5cd3-4d71-b20b-4bfff920cea2','2024-03-18 23:59:59'''),
('usermarmut23@gmail.com','ff975a2f-9d4f-4c54-938a-1f5f850b0b8a','2024-03-25 08:45:00'''),
('usermarmut24@gmail.com','1e8020d7-a962-490b-8d4e-949b3e3244e9','2024-04-01 19:20:30'''),
('usermarmut25@gmail.com','8868a7ff-d1be-4ace-a0de-f3b2050023a7','2024-04-08 04:56:12'''),
('usermarmut26@gmail.com','5eb93ec5-319c-40db-9912-86d6263ee73f','2024-01-01 00:00:00'''),
('usermarmut27@gmail.com','f34496a3-1eef-4141-bbd7-5ea8abbfb412','2024-01-08 12:34:56'''),
('bring_me_the_horizon_artist@gmail.com','a4ba7411-5790-49c9-b397-8d940c12c40e','2024-01-15 01:23:45'''),
('linkin_park_artist@gmail.com','a65345df-b0d3-454b-acf0-122c97f0f1ae','2024-01-22 11:11:11'''),
('niki_artist@gmail.com','d4af5b64-3bac-47d2-b18c-c635bd844fe6','2024-01-29 21:09:08'''),
('vierratale_artist@gmail.com','5b282d63-8146-4af0-9ffb-d3609372a008','2024-02-05 10:00:00'''),
('dewa_19_artist@gmail.com','bfb1d70d-1d30-463d-9631-79d7cd94644f','2024-02-12 20:20:20'''),
('kla_project_artist@gmail.com','8041b7c9-af83-4c61-be8b-aa1198803b2b','2024-02-19 09:30:40'''),
('rich_brian_artist@gmail.com','cff0aaeb-57ad-4585-85f9-5a2b7b537fec','2024-02-26 18:45:50'''),
('avenged_sevenfold_artist@gmail.com','1ffe4bc3-9b0e-46ae-a4c7-3f49def72c74','2024-03-04 03:33:33'''),
('green_day_artist@gmail.com','2550eeed-ff38-4695-8d0e-5598e3f7746d','2024-03-11 14:15:16'''),
('my_chemical_romance_artist@gmail.com','bca44f1a-0ca5-4171-9b73-886ee784f6ea','2024-03-18 23:59:59'''),
('reality_club_artist@gmail.com','f01020a2-1046-4def-8c8c-57f257935164','2024-03-25 08:45:00'''),
('hindia_artist@gmail.com','0069e974-fd2a-4214-8e1e-a42c6a87546b','2024-04-01 19:20:30'''),
('henry_moodie_artist@gmail.com','c4049bcb-5504-4156-aff2-5c5bdd1a3761','2024-04-08 04:56:12'''),
('bruno_major_artist@gmail.com','17cb6677-1739-4082-84ca-5e1ac39b83ad','2024-01-01 00:00:00'''),
('nick_jonas_artist@gmail.com','1ae47aa3-5cd3-4d71-b20b-4bfff920cea2','2024-01-08 12:34:56'''),
('jkt_48_artist@gmail.com','ff975a2f-9d4f-4c54-938a-1f5f850b0b8a','2024-01-15 01:23:45'''),
('iu_artist@gmail.com','1e8020d7-a962-490b-8d4e-949b3e3244e9','2024-01-22 11:11:11'''),
('blackpink_artist@gmail.com','8868a7ff-d1be-4ace-a0de-f3b2050023a7','2024-01-29 21:09:08'''),
('olivia_rodrigo_artist@gmail.com','5eb93ec5-319c-40db-9912-86d6263ee73f','2024-02-05 10:00:00'''),
('taylor_swift_artist@gmail.com','f34496a3-1eef-4141-bbd7-5ea8abbfb412','2024-02-12 20:20:20'''),
('new_jeans_artist@gmail.com','a4ba7411-5790-49c9-b397-8d940c12c40e','2024-02-19 09:30:40'''),
('lomba_sihir_artist@gmail.com','a65345df-b0d3-454b-acf0-122c97f0f1ae','2024-02-26 18:45:50'''),
('.feast_artist@gmail.com','d4af5b64-3bac-47d2-b18c-c635bd844fe6','2024-03-04 03:33:33''');

INSERT INTO "PLAYLIST_SONG" ("id_playlist","id_song")
VALUES
('c2a98d95-f688-41a9-adba-67829d61d5f5','a65345df-b0d3-454b-acf0-122c97f0f1ae'),
('c2a98d95-f688-41a9-adba-67829d61d5f5','d4af5b64-3bac-47d2-b18c-c635bd844fe6'),
('c2a98d95-f688-41a9-adba-67829d61d5f5','5b282d63-8146-4af0-9ffb-d3609372a008'),
('c2a98d95-f688-41a9-adba-67829d61d5f5','bfb1d70d-1d30-463d-9631-79d7cd94644f'),
('c2a98d95-f688-41a9-adba-67829d61d5f5','8041b7c9-af83-4c61-be8b-aa1198803b2b'),
('c2a98d95-f688-41a9-adba-67829d61d5f5','cff0aaeb-57ad-4585-85f9-5a2b7b537fec'),
('c2a98d95-f688-41a9-adba-67829d61d5f5','1ffe4bc3-9b0e-46ae-a4c7-3f49def72c74'),
('c2a98d95-f688-41a9-adba-67829d61d5f5','2550eeed-ff38-4695-8d0e-5598e3f7746d'),
('c2a98d95-f688-41a9-adba-67829d61d5f5','bca44f1a-0ca5-4171-9b73-886ee784f6ea'),
('c2a98d95-f688-41a9-adba-67829d61d5f5','f01020a2-1046-4def-8c8c-57f257935164'),
('c2a98d95-f688-41a9-adba-67829d61d5f5','0069e974-fd2a-4214-8e1e-a42c6a87546b'),
('c2a98d95-f688-41a9-adba-67829d61d5f5','c4049bcb-5504-4156-aff2-5c5bdd1a3761'),
('c2a98d95-f688-41a9-adba-67829d61d5f5','17cb6677-1739-4082-84ca-5e1ac39b83ad'),
('c2a98d95-f688-41a9-adba-67829d61d5f5','1ae47aa3-5cd3-4d71-b20b-4bfff920cea2'),
('c2a98d95-f688-41a9-adba-67829d61d5f5','ff975a2f-9d4f-4c54-938a-1f5f850b0b8a'),
('c2a98d95-f688-41a9-adba-67829d61d5f5','1e8020d7-a962-490b-8d4e-949b3e3244e9'),
('c2a98d95-f688-41a9-adba-67829d61d5f5','8868a7ff-d1be-4ace-a0de-f3b2050023a7'),
('c2a98d95-f688-41a9-adba-67829d61d5f5','5eb93ec5-319c-40db-9912-86d6263ee73f'),
('c2a98d95-f688-41a9-adba-67829d61d5f5','f34496a3-1eef-4141-bbd7-5ea8abbfb412'),
('c2a98d95-f688-41a9-adba-67829d61d5f5','a4ba7411-5790-49c9-b397-8d940c12c40e'),
('d09a4a68-5584-4310-8ed4-562f6da25439','a65345df-b0d3-454b-acf0-122c97f0f1ae'),
('d09a4a68-5584-4310-8ed4-562f6da25439','d4af5b64-3bac-47d2-b18c-c635bd844fe6'),
('d09a4a68-5584-4310-8ed4-562f6da25439','5b282d63-8146-4af0-9ffb-d3609372a008'),
('d09a4a68-5584-4310-8ed4-562f6da25439','bfb1d70d-1d30-463d-9631-79d7cd94644f'),
('d09a4a68-5584-4310-8ed4-562f6da25439','8041b7c9-af83-4c61-be8b-aa1198803b2b'),
('d09a4a68-5584-4310-8ed4-562f6da25439','cff0aaeb-57ad-4585-85f9-5a2b7b537fec'),
('d09a4a68-5584-4310-8ed4-562f6da25439','1ffe4bc3-9b0e-46ae-a4c7-3f49def72c74'),
('d09a4a68-5584-4310-8ed4-562f6da25439','2550eeed-ff38-4695-8d0e-5598e3f7746d'),
('d09a4a68-5584-4310-8ed4-562f6da25439','bca44f1a-0ca5-4171-9b73-886ee784f6ea'),
('d09a4a68-5584-4310-8ed4-562f6da25439','f01020a2-1046-4def-8c8c-57f257935164'),
('d09a4a68-5584-4310-8ed4-562f6da25439','0069e974-fd2a-4214-8e1e-a42c6a87546b'),
('d09a4a68-5584-4310-8ed4-562f6da25439','c4049bcb-5504-4156-aff2-5c5bdd1a3761'),
('d09a4a68-5584-4310-8ed4-562f6da25439','17cb6677-1739-4082-84ca-5e1ac39b83ad'),
('d09a4a68-5584-4310-8ed4-562f6da25439','1ae47aa3-5cd3-4d71-b20b-4bfff920cea2'),
('d09a4a68-5584-4310-8ed4-562f6da25439','ff975a2f-9d4f-4c54-938a-1f5f850b0b8a'),
('d09a4a68-5584-4310-8ed4-562f6da25439','1e8020d7-a962-490b-8d4e-949b3e3244e9'),
('d09a4a68-5584-4310-8ed4-562f6da25439','8868a7ff-d1be-4ace-a0de-f3b2050023a7'),
('d09a4a68-5584-4310-8ed4-562f6da25439','5eb93ec5-319c-40db-9912-86d6263ee73f'),
('d09a4a68-5584-4310-8ed4-562f6da25439','f34496a3-1eef-4141-bbd7-5ea8abbfb412'),
('d09a4a68-5584-4310-8ed4-562f6da25439','a4ba7411-5790-49c9-b397-8d940c12c40e'),
('9e6a28e8-47b7-440f-815e-b0c65c4b5118','a65345df-b0d3-454b-acf0-122c97f0f1ae'),
('9e6a28e8-47b7-440f-815e-b0c65c4b5118','d4af5b64-3bac-47d2-b18c-c635bd844fe6'),
('9e6a28e8-47b7-440f-815e-b0c65c4b5118','5b282d63-8146-4af0-9ffb-d3609372a008'),
('9e6a28e8-47b7-440f-815e-b0c65c4b5118','bfb1d70d-1d30-463d-9631-79d7cd94644f'),
('9e6a28e8-47b7-440f-815e-b0c65c4b5118','8041b7c9-af83-4c61-be8b-aa1198803b2b'),
('9e6a28e8-47b7-440f-815e-b0c65c4b5118','cff0aaeb-57ad-4585-85f9-5a2b7b537fec'),
('9e6a28e8-47b7-440f-815e-b0c65c4b5118','1ffe4bc3-9b0e-46ae-a4c7-3f49def72c74'),
('9e6a28e8-47b7-440f-815e-b0c65c4b5118','2550eeed-ff38-4695-8d0e-5598e3f7746d'),
('9e6a28e8-47b7-440f-815e-b0c65c4b5118','bca44f1a-0ca5-4171-9b73-886ee784f6ea'),
('9e6a28e8-47b7-440f-815e-b0c65c4b5118','f01020a2-1046-4def-8c8c-57f257935164'),
('9e6a28e8-47b7-440f-815e-b0c65c4b5118','0069e974-fd2a-4214-8e1e-a42c6a87546b'),
('9e6a28e8-47b7-440f-815e-b0c65c4b5118','c4049bcb-5504-4156-aff2-5c5bdd1a3761'),
('9e6a28e8-47b7-440f-815e-b0c65c4b5118','17cb6677-1739-4082-84ca-5e1ac39b83ad'),
('9e6a28e8-47b7-440f-815e-b0c65c4b5118','1ae47aa3-5cd3-4d71-b20b-4bfff920cea2'),
('9e6a28e8-47b7-440f-815e-b0c65c4b5118','ff975a2f-9d4f-4c54-938a-1f5f850b0b8a'),
('9e6a28e8-47b7-440f-815e-b0c65c4b5118','1e8020d7-a962-490b-8d4e-949b3e3244e9'),
('9e6a28e8-47b7-440f-815e-b0c65c4b5118','8868a7ff-d1be-4ace-a0de-f3b2050023a7'),
('9e6a28e8-47b7-440f-815e-b0c65c4b5118','5eb93ec5-319c-40db-9912-86d6263ee73f'),
('9e6a28e8-47b7-440f-815e-b0c65c4b5118','f34496a3-1eef-4141-bbd7-5ea8abbfb412'),
('9e6a28e8-47b7-440f-815e-b0c65c4b5118','a4ba7411-5790-49c9-b397-8d940c12c40e'),
('5f9dbb9d-88a0-4ce4-984b-7e89e778366d','a65345df-b0d3-454b-acf0-122c97f0f1ae'),
('5f9dbb9d-88a0-4ce4-984b-7e89e778366d','d4af5b64-3bac-47d2-b18c-c635bd844fe6'),
('5f9dbb9d-88a0-4ce4-984b-7e89e778366d','5b282d63-8146-4af0-9ffb-d3609372a008'),
('5f9dbb9d-88a0-4ce4-984b-7e89e778366d','bfb1d70d-1d30-463d-9631-79d7cd94644f'),
('5f9dbb9d-88a0-4ce4-984b-7e89e778366d','8041b7c9-af83-4c61-be8b-aa1198803b2b'),
('5f9dbb9d-88a0-4ce4-984b-7e89e778366d','cff0aaeb-57ad-4585-85f9-5a2b7b537fec'),
('5f9dbb9d-88a0-4ce4-984b-7e89e778366d','1ffe4bc3-9b0e-46ae-a4c7-3f49def72c74'),
('5f9dbb9d-88a0-4ce4-984b-7e89e778366d','2550eeed-ff38-4695-8d0e-5598e3f7746d'),
('5f9dbb9d-88a0-4ce4-984b-7e89e778366d','bca44f1a-0ca5-4171-9b73-886ee784f6ea'),
('5f9dbb9d-88a0-4ce4-984b-7e89e778366d','f01020a2-1046-4def-8c8c-57f257935164'),
('5f9dbb9d-88a0-4ce4-984b-7e89e778366d','0069e974-fd2a-4214-8e1e-a42c6a87546b'),
('5f9dbb9d-88a0-4ce4-984b-7e89e778366d','c4049bcb-5504-4156-aff2-5c5bdd1a3761'),
('5f9dbb9d-88a0-4ce4-984b-7e89e778366d','17cb6677-1739-4082-84ca-5e1ac39b83ad'),
('5f9dbb9d-88a0-4ce4-984b-7e89e778366d','1ae47aa3-5cd3-4d71-b20b-4bfff920cea2'),
('5f9dbb9d-88a0-4ce4-984b-7e89e778366d','ff975a2f-9d4f-4c54-938a-1f5f850b0b8a'),
('5f9dbb9d-88a0-4ce4-984b-7e89e778366d','1e8020d7-a962-490b-8d4e-949b3e3244e9'),
('5f9dbb9d-88a0-4ce4-984b-7e89e778366d','8868a7ff-d1be-4ace-a0de-f3b2050023a7'),
('5f9dbb9d-88a0-4ce4-984b-7e89e778366d','5eb93ec5-319c-40db-9912-86d6263ee73f'),
('5f9dbb9d-88a0-4ce4-984b-7e89e778366d','f34496a3-1eef-4141-bbd7-5ea8abbfb412'),
('5f9dbb9d-88a0-4ce4-984b-7e89e778366d','a4ba7411-5790-49c9-b397-8d940c12c40e'),
('4f7208a3-5bc9-4d8d-a6aa-a45a53a1cb7d','8ba569dc-0e5e-4961-bc97-b2fc2f551a05'),
('1a73677e-6d0b-4e49-91f5-1381bfea1924','8b742b3e-2e52-4d3d-917b-4a8edc68cc5c'),
('7cbac001-6f36-449c-bebe-335f537c2dea','41056f89-f00b-41a8-b3e3-75d726bd3cdf'),
('eb380889-414b-4cc9-9ba1-1c3b0b3e0830','d6b564ab-982f-4681-8a89-96081c53822f'),
('360e899b-d2f0-45a0-83b5-d33f12650e62','02180e51-54a3-4c51-8d7c-f08bdec8bb00'),
('f28f21dc-ecf9-4ea0-b0ba-a3391230d79d','ebccf8ce-97bf-4c1f-8d50-6fe33c64c5b0');